Date,Pressure ,Exceed,Outlet,Inlet,Difference,Status
01-01-2004,3.9,0,169.9,169.6,3.8,normal
02-01-2004,3.9,0,185.8,132.5,48.7,warning
03-01-2004,3.9,0,106.2,121.9,6.1,normal
04-01-2004,3.9,0,69,106,8.5,normal
05-01-2004,3.8,0,169.6,169.6,3.8,normal
06-01-2004,3.8,0,185.5,132.5,48.7,warning
07-01-2004,3.8,0,106,121.9,6.1,normal
08-01-2004,3.7,0,68.9,106,8.5,normal
09-01-2004,3.7,0,169.2,169.6,3.8,normal
10-01-2004,3.7,0,185,132.5,48.7,warning
11-01-2004,3.6,0,105.7,121.9,6.1,normal
12-01-2004,3.6,0,68.7,106,8.5,normal
13-01-2004,3.6,0,169.3,169.6,3.8,normal
14-01-2004,3.5,0,185.2,132.5,48.7,warning
15-01-2004,3.5,0,105.8,121.9,6.1,normal
16-01-2004,3.4,0,68.8,106,8.5,normal
17-01-2004,3.4,0,170.1,169.6,3.8,normal
18-01-2004,3.4,0,186.1,132.5,48.7,warning
19-01-2004,3.4,0,106.3,121.9,6.1,normal
20-01-2004,3.4,0,69.1,106,8.5,normal
21-01-2004,3.3,0,169.2,169.6,3.8,normal
22-01-2004,3.3,0,185.1,132.5,48.7,warning
23-01-2004,3.3,0,105.8,121.9,6.1,normal
24-01-2004,3.3,0,68.7,106,8.5,normal
25-01-2004,3.2,0,169,169.6,3.8,normal
26-01-2004,3.2,0,184.8,132.5,48.7,warning
27-01-2004,3.9,0,105.6,121.9,6.1,normal
28-01-2004,4.9,0,68.7,106,8.5,normal
29-01-2004,4.9,0,169.5,169.6,3.8,normal
30-01-2004,4.9,0,185.4,132.5,48.7,warning
31-01-2004,4.8,0,105.9,121.9,6.1,normal
01-02-2004,4.8,0,68.8,106,8.5,normal
02-02-2004,4.8,0,169.8,169.6,3.8,normal
03-02-2004,4.7,0,185.7,132.5,48.7,warning
04-02-2004,4.7,0,106.1,121.9,6.1,normal
05-02-2004,4.7,0,69,106,8.5,normal
06-02-2004,4.6,0,170,169.6,3.8,normal
07-02-2004,4.6,0,186,132.5,48.7,warning
08-02-2004,4.6,0,106.3,121.9,6.1,normal
09-02-2004,4.5,0,69.1,106,8.5,normal
10-02-2004,4.5,0,169.9,169.6,3.8,normal
11-02-2004,4.5,0,185.8,132.5,48.7,warning
12-02-2004,4.4,0,106.2,121.9,6.1,normal
13-02-2004,4.4,0,69,106,8.5,normal
14-02-2004,4.4,0,169.2,169.6,3.8,normal
15-02-2004,4.3,0,185,132.5,48.7,warning
16-02-2004,4.3,0,105.7,121.9,6.1,normal
17-02-2004,4.2,0,68.7,106,8.5,normal
18-02-2004,4.3,0,170.1,169.6,3.8,normal
19-02-2004,4.5,0,186,132.5,48.7,warning
20-02-2004,4.8,0,106.3,121.9,6.1,normal
21-02-2004,4.8,0,69.1,106,8.5,normal
22-02-2004,4.8,0,170,169.6,3.8,normal
23-02-2004,4.7,0,185.9,132.5,48.7,warning
24-02-2004,4.7,0,106.2,121.9,6.1,normal
25-02-2004,4.7,0,69.1,106,8.5,normal
26-02-2004,4.6,0,169.5,169.6,3.8,normal
27-02-2004,4.6,0,185.4,132.5,48.7,warning
28-02-2004,4.5,0,105.9,121.9,6.1,normal
29-02-2004,4.5,0,68.8,106,8.5,normal
01-03-2004,4.4,0,169.4,169.6,3.8,normal
02-03-2004,4.4,0,185.3,132.5,48.7,warning
03-03-2004,4.3,0,105.9,121.9,6.1,normal
04-03-2004,4.3,0,68.8,106,8.5,normal
05-03-2004,4.2,0,169,169.6,3.8,normal
06-03-2004,4.2,0,184.8,132.5,48.7,warning
07-03-2004,4.2,0,105.6,121.9,6.1,normal
08-03-2004,4.1,0,68.7,106,8.5,normal
09-03-2004,6.96,0,169.6,169.6,3.8,normal
10-03-2004,10.9,0,185.5,132.5,48.7,warning
11-03-2004,14.4,0,106,121.9,6.1,normal
12-03-2004,15.4,0,68.9,106,8.5,normal
13-03-2004,16.2,0,169.9,169.6,3.8,normal
14-03-2004,18.4,0,185.8,132.5,48.7,warning
15-03-2004,21,0,106.2,121.9,6.1,normal
16-03-2004,23.4,0,69,106,8.5,normal
17-03-2004,25.2,0,169.3,169.6,3.8,normal
18-03-2004,25.7,0,185.2,132.5,48.7,warning
19-03-2004,24,0,105.8,121.9,6.1,normal
20-03-2004,20.6,0,68.8,106,8.5,normal
21-03-2004,17.1,0,169,169.6,3.8,normal
22-03-2004,12.7,0,184.9,132.5,48.7,warning
23-03-2004,10,0,105.6,121.9,6.1,normal
24-03-2004,9.2,0,68.7,106,8.5,normal
25-03-2004,9.5,0,170,169.6,3.8,normal
26-03-2004,9.6,0,186,132.5,48.7,warning
27-03-2004,9.6,0,106.3,121.9,6.1,normal
28-03-2004,9.1,0,69.1,106,8.5,normal
29-03-2004,8.5,0,169.2,169.6,3.8,normal
30-03-2004,7.9,0,185.1,132.5,48.7,warning
31-03-2004,7.9,0,105.8,121.9,6.1,normal
01-04-2004,7.9,0,68.7,106,8.5,normal
02-04-2004,8.1,0,169.1,169.6,3.8,normal
03-04-2004,8.3,0,184.9,132.5,48.7,warning
04-04-2004,7.5,0,105.7,121.9,6.1,normal
05-04-2004,6.5,0,68.7,106,8.5,normal
06-04-2004,5.6,0,169.2,169.6,3.8,normal
07-04-2004,5.4,0,185,132.5,48.7,warning
08-04-2004,5.8,0,105.7,121.9,6.1,normal
09-04-2004,6.8,0,68.7,106,8.5,normal
10-04-2004,7.7,0,169.1,169.6,3.8,normal
11-04-2004,7.9,0,184.9,132.5,48.7,warning
12-04-2004,7.1,0,105.7,121.9,6.1,normal
13-04-2004,6.2,0,68.7,106,8.5,normal
14-04-2004,5.8,0,169,169.6,3.8,normal
15-04-2004,5.7,0,184.9,132.5,48.7,warning
16-04-2004,5.4,0,105.6,121.9,6.1,normal
17-04-2004,5,0,68.7,106,8.5,normal
18-04-2004,4.8,0,169.4,169.6,3.8,normal
19-04-2004,4.7,0,185.3,132.5,48.7,warning
20-04-2004,4.6,0,105.9,121.9,6.1,normal
21-04-2004,4.5,0,68.8,106,8.5,normal
22-04-2004,4.4,0,169.3,169.6,3.8,normal
23-04-2004,4.3,0,185.1,132.5,48.7,warning
24-04-2004,4.2,0,105.8,121.9,6.1,normal
25-04-2004,4.1,0,68.8,106,8.5,normal
26-04-2004,4,0,169.1,169.6,3.8,normal
27-04-2004,3.9,0,184.9,132.5,48.7,warning
28-04-2004,3.8,0,105.7,121.9,6.1,normal
29-04-2004,3.7,0,68.7,106,8.5,normal
30-04-2004,3.6,0,169.4,169.6,3.8,normal
01-05-2004,3.5,0,185.3,132.5,48.7,warning
02-05-2004,3.4,0,105.9,121.9,6.1,normal
03-05-2004,3.4,0,68.8,106,8.5,normal
04-05-2004,5.2,0,169.2,169.6,3.8,normal
05-05-2004,6.9,0,185.1,132.5,48.7,warning
06-05-2004,8.7,0,105.8,121.9,6.1,normal
07-05-2004,8.1,0,68.7,106,8.5,normal
08-05-2004,6.5,0,169.2,169.6,3.8,normal
09-05-2004,5.4,0,185.1,132.5,48.7,warning
10-05-2004,4.5,0,105.8,121.9,6.1,normal
11-05-2004,4.3,0,68.8,106,8.5,normal
12-05-2004,4.3,0,169.1,169.6,3.8,normal
13-05-2004,4.2,0,184.9,132.5,48.7,warning
14-05-2004,4.1,0,105.7,121.9,6.1,normal
15-05-2004,4,0,68.7,106,8.5,normal
16-05-2004,3.9,0,169.2,169.6,3.8,normal
17-05-2004,6.3,0,185.1,132.5,48.7,warning
18-05-2004,7.3,0,105.8,121.9,6.1,normal
19-05-2004,7.7,0,68.7,106,8.5,normal
20-05-2004,7.7,0,169.1,169.6,3.8,normal
21-05-2004,7.7,0,185,132.5,48.7,warning
22-05-2004,7.6,0,105.7,121.9,6.1,normal
23-05-2004,7.6,0,68.7,106,8.5,normal
24-05-2004,7.8,0,169.4,169.6,3.8,normal
25-05-2004,8.1,0,185.3,132.5,48.7,warning
26-05-2004,8.3,0,105.9,121.9,6.1,normal
27-05-2004,6.6,0,68.8,106,8.5,normal
28-05-2004,4.6,0,169.7,169.6,3.8,normal
29-05-2004,4.1,0,185.6,132.5,48.7,warning
30-05-2004,3.7,0,106.1,121.9,6.1,normal
31-05-2004,3.7,0,69,106,8.5,normal
01-06-2004,4.5,0,169.9,169.6,3.8,normal
02-06-2004,4.8,0,185.8,132.5,48.7,warning
03-06-2004,4.9,0,106.2,121.9,6.1,normal
04-06-2004,4.9,0,69,106,8.5,normal
05-06-2004,4.9,0,169.2,169.6,3.8,normal
06-06-2004,4.9,0,185,132.5,48.7,warning
07-06-2004,4.8,0,105.7,121.9,6.1,normal
08-06-2004,5.1,0,68.7,106,8.5,normal
09-06-2004,6,0,169.5,169.6,3.8,normal
10-06-2004,6.3,0,185.4,132.5,48.7,warning
11-06-2004,6.9,0,106,121.9,6.1,normal
12-06-2004,7.1,0,68.9,106,8.5,normal
13-06-2004,7.1,0,169.5,169.6,3.8,normal
14-06-2004,7.1,0,185.4,132.5,48.7,warning
15-06-2004,7,0,105.9,121.9,6.1,normal
16-06-2004,6.9,0,68.9,106,8.5,normal
17-06-2004,6.8,0,169.2,169.6,3.8,normal
18-06-2004,6.7,0,185.1,132.5,48.7,warning
19-06-2004,6.6,0,105.8,121.9,6.1,normal
20-06-2004,6.5,0,68.7,106,8.5,normal
21-06-2004,6.4,0,169.8,169.6,3.8,normal
22-06-2004,6.3,0,185.7,132.5,48.7,warning
23-06-2004,6.2,0,106.1,121.9,6.1,normal
24-06-2004,6,0,69,106,8.5,normal
25-06-2004,5.9,0,170.2,169.6,3.8,normal
26-06-2004,5.8,0,186.1,132.5,48.7,warning
27-06-2004,5.7,0,106.4,121.9,6.1,normal
28-06-2004,5.6,0,69.1,106,8.5,normal
29-06-2004,5.5,0,170.1,169.6,3.8,normal
30-06-2004,5.5,0,186.1,132.5,48.7,warning
01-07-2004,5.4,0,106.3,121.9,6.1,normal
02-07-2004,5.3,0,69.1,106,8.5,normal
03-07-2004,5.3,0,169.7,169.6,3.8,normal
04-07-2004,5.6,0,185.6,132.5,48.7,warning
05-07-2004,5.5,0,106.1,121.9,6.1,normal
06-07-2004,5.7,0,69,106,8.5,normal
07-07-2004,5.7,0,169.1,169.6,3.8,normal
08-07-2004,5.6,0,184.9,132.5,48.7,warning
09-07-2004,5.6,0,105.7,121.9,6.1,normal
10-07-2004,5.6,0,68.7,106,8.5,normal
11-07-2004,5.6,0,169.4,169.6,3.8,normal
12-07-2004,5.5,0,185.3,132.5,48.7,warning
13-07-2004,5.5,0,105.9,121.9,6.1,normal
14-07-2004,5.5,0,68.8,106,8.5,normal
15-07-2004,5.4,0,169.3,169.6,3.8,normal
16-07-2004,5.4,0,185.2,132.5,48.7,warning
17-07-2004,5.4,0,105.8,121.9,6.1,normal
18-07-2004,5.3,0,68.8,106,8.5,normal
19-07-2004,5.3,0,169.8,169.6,3.8,normal
20-07-2004,5.2,0,185.7,132.5,48.7,warning
21-07-2004,5.1,0,106.1,121.9,6.1,normal
22-07-2004,4.9,0,69,106,8.5,normal
23-07-2004,4.6,0,169.9,169.6,3.8,normal
24-07-2004,4.3,0,185.8,132.5,48.7,warning
25-07-2004,4,0,106.2,121.9,6.1,normal
26-07-2004,4.1,0,69,106,8.5,normal
27-07-2004,3.9,0,169,169.6,3.8,normal
28-07-2004,3.6,0,184.9,132.5,48.7,warning
29-07-2004,3.6,0,105.6,121.9,6.1,normal
30-07-2004,3.6,0,68.7,106,8.5,normal
31-07-2004,3.5,0,169.3,169.6,3.8,normal
01-08-2004,3.5,0,185.2,132.5,48.7,warning
02-08-2004,3.4,0,105.8,121.9,6.1,normal
03-08-2004,3.3,0,68.8,106,8.5,normal
04-08-2004,3.3,0,169.1,169.6,3.8,normal
05-08-2004,3.2,0,185,132.5,48.7,warning
06-08-2004,3.2,0,105.7,121.9,6.1,normal
07-08-2004,3.1,0,68.7,106,8.5,normal
08-08-2004,3,0,169.7,169.6,3.8,normal
09-08-2004,3,0,185.6,132.5,48.7,warning
10-08-2004,2.9,0,106.1,121.9,6.1,normal
11-08-2004,2.8,0,68.9,106,8.5,normal
12-08-2004,2.7,0,169,169.6,3.8,normal
13-08-2004,2.7,0,184.8,132.5,48.7,warning
14-08-2004,2.7,0,105.6,121.9,6.1,normal
15-08-2004,2.6,0,68.7,106,8.5,normal
16-08-2004,2.6,0,169.9,169.6,3.8,normal
17-08-2004,2.5,0,185.8,132.5,48.7,warning
18-08-2004,2.4,0,106.2,121.9,6.1,normal
19-08-2004,2.4,0,69,106,8.5,normal
20-08-2004,2.3,0,169.7,169.6,3.8,normal
21-08-2004,2.2,0,185.6,132.5,48.7,warning
22-08-2004,2.1,0,106.1,121.9,6.1,normal
23-08-2004,2,0,69,106,8.5,normal
24-08-2004,1.9,0,169.9,169.6,3.8,normal
25-08-2004,1.8,0,185.8,132.5,48.7,warning
26-08-2004,1.7,0,106.2,121.9,6.1,normal
27-08-2004,1.6,0,69,106,8.5,normal
28-08-2004,1.5,0,,,,
29-08-2004,1.4,0,,,,
30-08-2004,1.3,0,,,,
31-08-2004,1.3,0,,,,
01-09-2004,1.2,0,,,,
02-09-2004,1.1,0,,,,
03-09-2004,1,0,,,,
04-09-2004,0.9,0,,,,
05-09-2004,0.9,0,,,,
06-09-2004,1.7,0,,,,
07-09-2004,1.7,0,,,,
08-09-2004,1.9,0,,,,
09-09-2004,1.9,0,,,,
10-09-2004,2.5,0,,,,
11-09-2004,2.5,0,,,,
12-09-2004,2.4,0,,,,
13-09-2004,2.3,0,,,,
14-09-2004,2.15,0,,,,
15-09-2004,2.1,0,,,,
16-09-2004,2,0,,,,
17-09-2004,2,0,,,,
18-09-2004,1.9,0,,,,
19-09-2004,1.8,0,,,,
20-09-2004,3.2,0,,,,
21-09-2004,4.5,0,,,,
22-09-2004,5.4,0,,,,
23-09-2004,6.5,0,,,,
24-09-2004,7.7,0,,,,
25-09-2004,8.9,0,,,,
26-09-2004,9.8,0,,,,
27-09-2004,10.7,0,,,,
28-09-2004,11.7,0,,,,
29-09-2004,12.2,0,,,,
30-09-2004,13.7,0,,,,
01-10-2004,14.2,0,,,,
02-10-2004,15.3,0,,,,
03-10-2004,17.1,0,,,,
04-10-2004,17.7,0,,,,
05-10-2004,18.3,0,,,,
06-10-2004,18.6,0,,,,
07-10-2004,18.6,0,,,,
08-10-2004,18.6,0,,,,
09-10-2004,18.5,0,,,,
10-10-2004,18.4,0,,,,
11-10-2004,18.9,0,,,,
12-10-2004,19.2,0,,,,
13-10-2004,19.2,0,,,,
14-10-2004,19.2,0,,,,
15-10-2004,19.1,0,,,,
16-10-2004,19,0,,,,
17-10-2004,18.9,0,,,,
18-10-2004,19.9,0,,,,
19-10-2004,20.3,0,,,,
20-10-2004,20.5,0,,,,
21-10-2004,21,0,,,,
22-10-2004,22.2,0,,,,
23-10-2004,22.9,0,,,,
24-10-2004,23.4,0,,,,
25-10-2004,23.4,0,,,,
26-10-2004,24.8,0,,,,
27-10-2004,27.7,0,,,,
28-10-2004,29.8,0,,,,
29-10-2004,33.1,0,,,,
30-10-2004,37.4,0,,,,
31-10-2004,45,0,,,,
01-11-2004,49.6,0,,,,
02-11-2004,52,0,,,,
03-11-2004,54.4,0,,,,
04-11-2004,57,0,,,,
05-11-2004,58,0,,,,
06-11-2004,63.7,20,,,,
07-11-2004,74.5,50,,,,
08-11-2004,92.8,57,,,,
09-11-2004,109.2,129,,,,
10-11-2004,119.7,133,,,,
11-11-2004,128.1,128,,,,
12-11-2004,131,123,,,,
13-11-2004,146.4,144,,,,
14-11-2004,173.7,158,,,,
15-11-2004,184.8,160,,,,
16-11-2004,192.4,164,,,,
17-11-2004,196.3,166,,,,
18-11-2004,197.1,166,,,,
19-11-2004,197.9,166,,,,
20-11-2004,198.7,165,,,,
21-11-2004,198.7,164,,,,
22-11-2004,198.7,163,,,,
23-11-2004,198.7,162,,,,
24-11-2004,198.7,161,,,,
25-11-2004,197.9,160,,,,
26-11-2004,198.7,159,,,,
27-11-2004,216.6,160,,,,
28-11-2004,225.1,160,,,,
29-11-2004,247,159,,,,
30-11-2004,283.6,159,,,,
01-12-2004,324.2,158,,,,
02-12-2004,363,158,,,,
03-12-2004,401.3,157,,,,
04-12-2004,440.3,157,,,,
05-12-2004,478.4,156,,,,
06-12-2004,516.7,156,,,,
07-12-2004,553.8,155,,,,
08-12-2004,588.1,155,,,,
09-12-2004,616.5,145,,,,
10-12-2004,643.9,131,,,,
11-12-2004,674.1,122,,,,
12-12-2004,706.1,110,,,,
13-12-2004,728.9,106,,,,
14-12-2004,749.2,102,,,,
15-12-2004,773.8,100,,,,
16-12-2004,790.2,98,,,,
17-12-2004,806.8,96,,,,
18-12-2004,812.3,94,,,,
19-12-2004,817.8,92,,,,
20-12-2004,822,90,,,,
21-12-2004,823.4,89,,,,
22-12-2004,823.4,87.5,,,,
23-12-2004,823.4,86.5,,,,
24-12-2004,823.4,86,,,,
25-12-2004,823.4,85,,,,
26-12-2004,823.4,83,,,,
27-12-2004,823.4,81,,,,
28-12-2004,823.4,79,,,,
29-12-2004,820.7,77,,,,
30-12-2004,815.1,75,,,,
31-12-2004,810.9,73,,,,
01-01-2005,805.4,71,,,,
02-01-2005,799.9,69,,,,
03-01-2005,794.4,67,,,,
04-01-2005,790.2,65.5,,,,
05-01-2005,791.6,64,,,,
06-01-2005,3231,759,,,,
07-01-2005,809.6,62,,,,
08-01-2005,822.1,61.5,,,,
09-01-2005,829,61,,,,
10-01-2005,836,60.5,,,,
11-01-2005,843,60,,,,
12-01-2005,850,59.5,,,,
13-01-2005,855.6,59,,,,
14-01-2005,861.2,59,,,,
15-01-2005,866.9,59,,,,
16-01-2005,872.5,58.5,,,,
17-01-2005,876.8,58.5,,,,
18-01-2005,878.2,58.5,,,,
19-01-2005,875.3,58,,,,
20-01-2005,869.7,58,,,,
21-01-2005,864.1,58,,,,
22-01-2005,858.4,57.5,,,,
23-01-2005,852.8,57.5,,,,
24-01-2005,850,57.5,,,,
25-01-2005,854.2,57,,,,
26-01-2005,859.8,57,,,,
27-01-2005,864,57,,,,
28-01-2005,864,57,,,,
29-01-2005,862.6,56.5,,,,
30-01-2005,861.2,56.5,,,,
31-01-2005,858.4,56.5,,,,
01-02-2005,851.4,56.5,,,,
02-02-2005,842.9,56,,,,
03-02-2005,834.6,56,,,,
04-02-2005,829,56,,,,
05-02-2005,824.8,56,,,,
06-02-2005,822,55.5,,,,
07-02-2005,817.8,55.5,,,,
08-02-2005,815.1,55.5,,,,
09-02-2005,810.9,54.5,,,,
10-02-2005,806.8,53.5,,,,
11-02-2005,798.5,52.5,,,,
12-02-2005,792.9,51.6,,,,
13-02-2005,783.3,50.8,,,,
14-02-2005,771,50,,,,
15-02-2005,756,49.2,,,,
16-02-2005,742.4,48.4,,,,
17-02-2005,728.9,47.6,,,,
18-02-2005,715.6,46.8,,,,
19-02-2005,702,46,,,,
20-02-2005,688.7,45.2,,,,
21-02-2005,674.1,44.1,,,,
22-02-2005,658.3,43.6,,,,
23-02-2005,633.4,42.8,,,,
24-02-2005,610,42,,,,
25-02-2005,586.8,41.2,,,,
26-02-2005,562.6,40.4,,,,
27-02-2005,537.6,39.8,,,,
28-02-2005,515.5,38.2,,,,
01-03-2005,495,36.4,,,,
02-03-2005,472.5,34.6,,,,
03-03-2005,450.5,32.6,,,,
04-03-2005,428.9,30.6,,,,
05-03-2005,407.9,28.6,,,,
06-03-2005,387.3,26.6,,,,
07-03-2005,368.2,24.6,,,,
08-03-2005,351.5,22.6,,,,
09-03-2005,336.2,20.6,,,,
10-03-2005,323.2,18.6,,,,
11-03-2005,311.4,16.6,,,,
12-03-2005,300.7,14.8,,,,
13-03-2005,288.3,13.4,,,,
14-03-2005,278.9,12,,,,
15-03-2005,267.8,10.4,,,,
16-03-2005,258.6,8.6,,,,
17-03-2005,250.5,6.8,,,,
18-03-2005,243.4,5,,,,
19-03-2005,236.4,3.2,,,,
20-03-2005,230.3,1.9,,,,
21-03-2005,225.1,1.1,,,,
22-03-2005,223.4,0.4,,,,
23-03-2005,222.5,0,,,,
24-03-2005,221.7,0,,,,
25-03-2005,220.8,0,,,,
26-03-2005,220,0,,,,
27-03-2005,219.2,0,,,,
28-03-2005,218.3,0,,,,
29-03-2005,217.5,0,,,,
30-03-2005,216.6,0,,,,
31-03-2005,215.8,0,,,,
01-04-2005,214.9,0,,,,
02-04-2005,214.1,0,,,,
03-04-2005,213.3,0,,,,
04-04-2005,212.5,0,,,,
05-04-2005,214.9,0,,,,
06-04-2005,236.4,0,,,,
07-04-2005,235.5,0,,,,
08-04-2005,257.7,0,,,,
09-04-2005,256.8,0,,,,
10-04-2005,255.9,0,,,,
11-04-2005,255,0,,,,
12-04-2005,254.1,0,,,,
13-04-2005,253.2,0,,,,
14-04-2005,252.3,0,,,,
15-04-2005,251.4,0,,,,
16-04-2005,250.5,0,,,,
17-04-2005,249.6,0,,,,
18-04-2005,248.7,0,,,,
19-04-2005,247.8,0,,,,
20-04-2005,246.9,0,,,,
21-04-2005,246,0,,,,
22-04-2005,245.2,0,,,,
23-04-2005,244.3,0,,,,
24-04-2005,243.4,0,,,,
25-04-2005,242.5,0,,,,
26-04-2005,241.6,0,,,,
27-04-2005,240.8,0,,,,
28-04-2005,239.9,0,,,,
29-04-2005,239,0,,,,
30-04-2005,237.3,0,,,,
01-05-2005,235.5,0,,,,
02-05-2005,238.1,0,,,,
03-05-2005,236.4,0,,,,
04-05-2005,234.6,0,,,,
05-05-2005,232.9,0,,,,
06-05-2005,231.2,0,,,,
07-05-2005,231.2,0,,,,
08-05-2005,229.4,0,,,,
09-05-2005,227.7,0,,,,
10-05-2005,226,0,,,,
11-05-2005,224.3,0,,,,
12-05-2005,222.6,0,,,,
13-05-2005,220.9,0,,,,
14-05-2005,219.2,0,,,,
15-05-2005,217.5,0,,,,
16-05-2005,215.8,0,,,,
17-05-2005,214.1,0,,,,
18-05-2005,212.5,0,,,,
19-05-2005,210,0,,,,
20-05-2005,207.5,0,,,,
21-05-2005,205.1,0,,,,
22-05-2005,202.7,0,,,,
23-05-2005,200.3,0,,,,
24-05-2005,197.9,0,,,,
25-05-2005,195.5,0,,,,
26-05-2005,193.2,0,,,,
27-05-2005,190.9,0,,,,
28-05-2005,188.7,0,,,,
29-05-2005,186.3,0,,,,
30-05-2005,184,0,,,,
31-05-2005,181.8,0,,,,
01-06-2005,179.5,0,,,,
02-06-2005,177.3,0,,,,
03-06-2005,175.1,0,,,,
04-06-2005,173.7,0,,,,
05-06-2005,171.5,0,,,,
06-06-2005,169.4,0,,,,
07-06-2005,167.2,0,,,,
08-06-2005,165.1,0,,,,
09-06-2005,163.7,0,,,,
10-06-2005,1177,427,,,,
11-06-2005,1153,425,,,,
12-06-2005,1130,423,,,,
13-06-2005,155.6,0,,,,
14-06-2005,153.6,0,,,,
15-06-2005,151.6,0,,,,
16-06-2005,149.6,0,,,,
17-06-2005,147.7,0,,,,
18-06-2005,145.7,0,,,,
19-06-2005,143.8,0,,,,
20-06-2005,141.9,0,,,,
21-06-2005,143.2,0,,,,
22-06-2005,141.9,0,,,,
23-06-2005,140.7,0,,,,
24-06-2005,138.9,0,,,,
25-06-2005,137,0,,,,
26-06-2005,135.2,0,,,,
27-06-2005,133.4,0,,,,
28-06-2005,131.6,0,,,,
29-06-2005,129.9,0,,,,
30-06-2005,128.1,0,,,,
01-07-2005,126.4,0,,,,
02-07-2005,124.7,0,,,,
03-07-2005,123,0,,,,
04-07-2005,121.3,0,,,,
05-07-2005,119.7,0,,,,
06-07-2005,118.6,0,,,,
07-07-2005,117,0,,,,
08-07-2005,115.4,0,,,,
09-07-2005,113.8,0,,,,
10-07-2005,112.3,0,,,,
11-07-2005,110.7,0,,,,
12-07-2005,109.2,0,,,,
13-07-2005,107.7,0,,,,
14-07-2005,106.2,0,,,,
15-07-2005,105.2,0,,,,
16-07-2005,103.8,0,,,,
17-07-2005,102.3,0,,,,
18-07-2005,100.9,0,,,,
19-07-2005,99.5,0,,,,
20-07-2005,98.6,0,,,,
21-07-2005,99.5,0,,,,
22-07-2005,98.1,0,,,,
23-07-2005,97.2,0,,,,
24-07-2005,96.3,0,,,,
25-07-2005,95,0,,,,
26-07-2005,94.1,0,,,,
27-07-2005,93.3,0,,,,
28-07-2005,92.4,0,,,,
29-07-2005,91.5,0,,,,
30-07-2005,90.7,0,,,,
31-07-2005,89.9,0,,,,
01-08-2005,89,0,,,,
02-08-2005,88.2,0,,,,
03-08-2005,87.4,0,,,,
04-08-2005,86.6,0,,,,
05-08-2005,85.8,0,,,,
06-08-2005,85,0,,,,
07-08-2005,84.2,0,,,,
08-08-2005,83.5,0,,,,
09-08-2005,83.1,0,,,,
10-08-2005,82.3,0,,,,
11-08-2005,81.6,0,,,,
12-08-2005,80.8,0,,,,
13-08-2005,80.1,0,,,,
14-08-2005,79.4,0,,,,
15-08-2005,80.5,0,,,,
16-08-2005,81.6,0,,,,
17-08-2005,83.3,0,,,,
18-08-2005,82.7,0,,,,
19-08-2005,81.9,0,,,,
20-08-2005,81.2,0,,,,
21-08-2005,80.5,0,,,,
22-08-2005,79.7,0,,,,
23-08-2005,79.4,0,,,,
24-08-2005,78.7,0,,,,
25-08-2005,77.9,0,,,,
26-08-2005,83.5,0,,,,
27-08-2005,83.1,0,,,,
28-08-2005,82.3,0,,,,
29-08-2005,81.6,0,,,,
30-08-2005,80.8,0,,,,
31-08-2005,80.1,0,,,,
01-09-2005,79.4,0,,,,
02-09-2005,79,0,,,,
03-09-2005,78.3,0,,,,
04-09-2005,72.9,0,,,,
05-09-2005,64.8,0,,,,
06-09-2005,56.7,0,,,,
07-09-2005,52.4,0,,,,
08-09-2005,50.4,0,,,,
09-09-2005,45.7,0,,,,
10-09-2005,40.1,0,,,,
11-09-2005,36.2,0,,,,
12-09-2005,32.5,0,,,,
13-09-2005,29,0,,,,
14-09-2005,25.1,0,,,,
15-09-2005,21.6,0,,,,
16-09-2005,18,0,,,,
17-09-2005,14.9,0,,,,
18-09-2005,11.8,0,,,,
19-09-2005,10,0,,,,
20-09-2005,9.1,0,,,,
21-09-2005,9,0,,,,
22-09-2005,8.9,0,,,,
23-09-2005,10.2,0,,,,
24-09-2005,10.1,0,,,,
25-09-2005,14.6,0,,,,
26-09-2005,15.3,0,,,,
27-09-2005,15.2,0,,,,
28-09-2005,16.5,0,,,,
29-09-2005,18.3,0,,,,
30-09-2005,18.18,0,,,,
01-10-2005,18.18,0,,,,
02-10-2005,18.08,0,,,,
03-10-2005,18.08,0,,,,
04-10-2005,18.3,0,,,,
05-10-2005,18.4,0,,,,
06-10-2005,18.4,0,,,,
07-10-2005,18.3,0,,,,
08-10-2005,18.2,0,,,,
09-10-2005,18.2,0,,,,
10-10-2005,18.2,0,,,,
11-10-2005,18.2,0,,,,
12-10-2005,20.7,0,,,,
13-10-2005,37.4,0,,,,
14-10-2005,104.3,0,,,,
15-10-2005,177.3,0,,,,
16-10-2005,220.9,0,,,,
17-10-2005,251.4,0,,,,
18-10-2005,280.8,0,,,,
19-10-2005,322.2,0,,,,
20-10-2005,373.4,32,,,,
21-10-2005,433.3,32,,,,
22-10-2005,503.4,32,,,,
23-10-2005,571.5,45,,,,
24-10-2005,642.6,78,,,,
25-10-2005,708.9,94,,,,
26-10-2005,790.2,111,,,,
27-10-2005,873.9,139,,,,
28-10-2005,1211,361,,,,
29-10-2005,1426.1,462,,,,
30-10-2005,1487.1,523,,,,
31-10-2005,1539.4,550,,,,
01-11-2005,1582.4,569,,,,
02-11-2005,1622,584,,,,
03-11-2005,1653,596,,,,
04-11-2005,1693,596,,,,
05-11-2005,1739,617,,,,
06-11-2005,1786,631,,,,
07-11-2005,1955,726,,,,
08-11-2005,2161,745,,,,
09-11-2005,2268,756,,,,
10-11-2005,2351,732,,,,
11-11-2005,2384,676,,,,
12-11-2005,2424,658,,,,
13-11-2005,2444,647,,,,
14-11-2005,2455,651,,,,
15-11-2005,2466,654,,,,
16-11-2005,2478,654,,,,
17-11-2005,2489,654,,,,
18-11-2005,2501,652,,,,
19-11-2005,2518,651,,,,
20-11-2005,2527,649,,,,
21-11-2005,2550,647,,,,
22-11-2005,2609,654,,,,
23-11-2005,2755,674,,,,
24-11-2005,2886,765,,,,
25-11-2005,2826,784,,,,
26-11-2005,2842,804,,,,
27-11-2005,2823,782,,,,
28-11-2005,2823,794,,,,
29-11-2005,2829,797,,,,
30-11-2005,2829,797,,,,
01-12-2005,2826,797,,,,
02-12-2005,3002,797,,,,
03-12-2005,3015,831,,,,
04-12-2005,2982,881,,,,
05-12-2005,2999,832,,,,
06-12-2005,3018,832,,,,
07-12-2005,3054,832,,,,
08-12-2005,2915,832,,,,
09-12-2005,2823,832,,,,
10-12-2005,2823,840,,,,
11-12-2005,2877,810,,,,
12-12-2005,2950,771,,,,
13-12-2005,3090,881,,,,
14-12-2005,3090,881,,,,
15-12-2005,3073,881,,,,
16-12-2005,3104,881,,,,
17-12-2005,3124,881,,,,
18-12-2005,3114,881,,,,
19-12-2005,2902,792,,,,
20-12-2005,2937,806,,,,
21-12-2005,2986,824,,,,
22-12-2005,3028,812,,,,
23-12-2005,3054,800,,,,
24-12-2005,3087,788,,,,
25-12-2005,3093,760,,,,
26-12-2005,3104,748,,,,
27-12-2005,3118,760,,,,
28-12-2005,3131,755,,,,
29-12-2005,3148,760,,,,
30-12-2005,3205,763,,,,
31-12-2005,3231,764,,,,
01-01-2006,3231,763,,,,
02-01-2006,3231,762,,,,
03-01-2006,3231,760,,,,
04-01-2006,3231,759,,,,
05-01-2006,3231,759,,,,
06-01-2006,3231,759,,,,
07-01-2006,3231,758,,,,
08-01-2006,3231,757,,,,
09-01-2006,3231,757,,,,
10-01-2006,3231,757,,,,
11-01-2006,3231,755,,,,
12-01-2006,3231,754,,,,
13-01-2006,3231,754,,,,
14-01-2006,3231,753,,,,
15-01-2006,3231,752,,,,
16-01-2006,3231,751,,,,
17-01-2006,3231,750,,,,
18-01-2006,3231,749,,,,
19-01-2006,3231,747,,,,
20-01-2006,3231,745,,,,
21-01-2006,3171,743,,,,
22-01-2006,3145,741,,,,
23-01-2006,3128,739,,,,
24-01-2006,3114,737,,,,
25-01-2006,3107,735,,,,
26-01-2006,3093,733,,,,
27-01-2006,3085,731,,,,
28-01-2006,3077,729,,,,
29-01-2006,3069,727,,,,
30-01-2006,3055,725,,,,
31-01-2006,3045,723,,,,
01-02-2006,3035,721,,,,
02-02-2006,3025,719,,,,
03-02-2006,3015,717,,,,
04-02-2006,3009,715,,,,
05-02-2006,3002,713,,,,
06-02-2006,2995,711,,,,
07-02-2006,2989,709,,,,
08-02-2006,2982,707,,,,
09-02-2006,2973,705,,,,
10-02-2006,2963,703,,,,
11-02-2006,2953,701,,,,
12-02-2006,2944,699,,,,
13-02-2006,2931,697,,,,
14-02-2006,2921,695,,,,
15-02-2006,2912,693,,,,
16-02-2006,2905,691,,,,
17-02-2006,2896,689,,,,
18-02-2006,2889,687,,,,
19-02-2006,2883,685,,,,
20-02-2006,2877,683,,,,
21-02-2006,2867,681,,,,
22-02-2006,2858,679,,,,
23-02-2006,2851,677,,,,
24-02-2006,2842,675,,,,
25-02-2006,2817,673,,,,
26-02-2006,2779,671,,,,
27-02-2006,2742,669,,,,
28-02-2006,2706,667,,,,
01-03-2006,2669,665,,,,
02-03-2006,2633,663,,,,
03-03-2006,2595,661,,,,
04-03-2006,2624,661,,,,
05-03-2006,2618,657,,,,
06-03-2006,2595,655,,,,
07-03-2006,2559,653,,,,
08-03-2006,2524,651,,,,
09-03-2006,2487,649,,,,
10-03-2006,2452,646,,,,
11-03-2006,2415,643,,,,
12-03-2006,2379,640,,,,
13-03-2006,2345,637,,,,
14-03-2006,2309,634,,,,
15-03-2006,2287,631,,,,
16-03-2006,2279,629,,,,
17-03-2006,2290,627,,,,
18-03-2006,2254,624,,,,
19-03-2006,2219,622,,,,
20-03-2006,2185,619,,,,
21-03-2006,2148,617,,,,
22-03-2006,2113,615,,,,
23-03-2006,2077,613,,,,
24-03-2006,2041,611,,,,
25-03-2006,2005,607,,,,
26-03-2006,1983,603,,,,
27-03-2006,1980,600,,,,
28-03-2006,1975,596,,,,
29-03-2006,1973,593,,,,
30-03-2006,1968,590,,,,
31-03-2006,1963,587,,,,
01-04-2006,1958,585,,,,
02-04-2006,1953,583,,,,
03-04-2006,1948,581,,,,
04-04-2006,1943,579,,,,
05-04-2006,1938,577,,,,
06-04-2006,1933,575,,,,
07-04-2006,1926,573,,,,
08-04-2006,1918,571,,,,
09-04-2006,1911,569,,,,
10-04-2006,1904,567,,,,
11-04-2006,1896,564,,,,
12-04-2006,1889,561,,,,
13-04-2006,1882,558,,,,
14-04-2006,1874,555,,,,
15-04-2006,1867,552,,,,
16-04-2006,1860,549,,,,
17-04-2006,1853,545,,,,
18-04-2006,1845,543,,,,
19-04-2006,1838,540,,,,
20-04-2006,1831,537,,,,
21-04-2006,1824,536,,,,
22-04-2006,1817,535,,,,
23-04-2006,1810,534,,,,
24-04-2006,1803,533,,,,
25-04-2006,1795,532,,,,
26-04-2006,1788,531,,,,
27-04-2006,1781,529,,,,
28-04-2006,1772,527,,,,
29-04-2006,1763,525,,,,
30-04-2006,1753,523,,,,
01-05-2006,1744,521,,,,
02-05-2006,1735,519,,,,
03-05-2006,1726,517,,,,
04-05-2006,1716,515,,,,
05-05-2006,1707,513,,,,
06-05-2006,1698,511,,,,
07-05-2006,1689,509,,,,
08-05-2006,1680,507,,,,
09-05-2006,1671,505,,,,
10-05-2006,1662,503,,,,
11-05-2006,1653,501,,,,
12-05-2006,1644,498,,,,
13-05-2006,1635,495,,,,
14-05-2006,1626,492,,,,
15-05-2006,1617,489,,,,
16-05-2006,1608,486,,,,
17-05-2006,1600,483,,,,
18-05-2006,1591,480,,,,
19-05-2006,1582,477,,,,
20-05-2006,1572,474,,,,
21-05-2006,1561,471,,,,
22-05-2006,1550,468,,,,
23-05-2006,1539,465,,,,
24-05-2006,1529,462,,,,
25-05-2006,1518,459,,,,
26-05-2006,1508,456,,,,
27-05-2006,1500,453,,,,
28-05-2006,1477,450,,,,
29-05-2006,1473,447,,,,
30-05-2006,1476,444,,,,
31-05-2006,1420,441,,,,
01-06-2006,1394,439,,,,
02-06-2006,1369,437,,,,
03-06-2006,1344,435,,,,
04-06-2006,1319,434,,,,
05-06-2006,1295,433,,,,
06-06-2006,1273,432,,,,
07-06-2006,1250,431,,,,
08-06-2006,1227,430,,,,
09-06-2006,1202,429,,,,
10-06-2006,1177,427,,,,
11-06-2006,1153,425,,,,
12-06-2006,1130,423,,,,
13-06-2006,1107,420,,,,
14-06-2006,1088,417,,,,
15-06-2006,1074,414,,,,
16-06-2006,1051,411,,,,
17-06-2006,1029,408,,,,
18-06-2006,1007,405,,,,
19-06-2006,985,402,,,,
20-06-2006,966,399,,,,
21-06-2006,944,396,,,,
22-06-2006,922,393,,,,
23-06-2006,902,393,,,,
24-06-2006,882,394,,,,
25-06-2006,860,391,,,,
26-06-2006,839,388,,,,
27-06-2006,819,388,,,,
28-06-2006,800,389,,,,
29-06-2006,796,389,,,,
30-06-2006,794,389,,,,
01-07-2006,793,387,,,,
02-07-2006,792,385,,,,
03-07-2006,790,383,,,,
04-07-2006,789,381,,,,
05-07-2006,788,379,,,,
06-07-2006,786,377,,,,
07-07-2006,785,375,,,,
08-07-2006,783,373,,,,
09-07-2006,782,371,,,,
10-07-2006,781,369,,,,
11-07-2006,779,367,,,,
12-07-2006,778,365,,,,
13-07-2006,782,363,,,,
14-07-2006,782,361,,,,
15-07-2006,781,359,,,,
16-07-2006,779,357,,,,
17-07-2006,778,355,,,,
18-07-2006,776,353,,,,
19-07-2006,774,351,,,,
20-07-2006,761,349,,,,
21-07-2006,742,347,,,,
22-07-2006,722,345,,,,
23-07-2006,703,343,,,,
24-07-2006,683,341,,,,
25-07-2006,664,339,,,,
26-07-2006,645,337,,,,
27-07-2006,626,335,,,,
28-07-2006,607,333,,,,
29-07-2006,588,331,,,,
30-07-2006,567,329,,,,
31-07-2006,550,327,,,,
01-08-2006,531,325,,,,
02-08-2006,512,323,,,,
03-08-2006,493,321,,,,
04-08-2006,474,319,,,,
05-08-2006,455,317,,,,
06-08-2006,436,315,,,,
07-08-2006,417,313,,,,
08-08-2006,399,311,,,,
09-08-2006,381,309,,,,
10-08-2006,363,307,,,,
11-08-2006,345,306,,,,
12-08-2006,330,305,,,,
13-08-2006,317,293,,,,
14-08-2006,322,282,,,,
15-08-2006,309,271,,,,
16-08-2006,312,260,,,,
17-08-2006,297,244,,,,
18-08-2006,282,228,,,,
19-08-2006,267,212,,,,
20-08-2006,278,212,,,,
21-08-2006,298,212,,,,
22-08-2006,317,212,,,,
23-08-2006,333,211,,,,
24-08-2006,357,211,,,,
25-08-2006,385,211,,,,
26-08-2006,417,210,,,,
27-08-2006,451,210,,,,
28-08-2006,491,210,,,,
29-08-2006,527,209,,,,
30-08-2006,561,209,,,,
31-08-2006,597,209,,,,
01-09-2006,632,208,,,,
02-09-2006,665,208,,,,
03-09-2006,703,208,,,,
04-09-2006,748,208,,,,
05-09-2006,794,207,,,,
06-09-2006,840,207,,,,
07-09-2006,887,207,,,,
08-09-2006,932,207,,,,
09-09-2006,974,206,,,,
10-09-2006,1018,206,,,,
11-09-2006,1060,206,,,,
12-09-2006,1103,205,,,,
13-09-2006,1143,205,,,,
14-09-2006,1185,205,,,,
15-09-2006,1229,205,,,,
16-09-2006,1273,205,,,,
17-09-2006,1321,204,,,,
18-09-2006,1363,205,,,,
19-09-2006,1394,205,,,,
20-09-2006,1420,205,,,,
21-09-2006,1440,207,,,,
22-09-2006,1467,210,,,,
23-09-2006,1491,210,,,,
24-09-2006,1516,210,,,,
25-09-2006,1561,215,,,,
26-09-2006,1604,226,,,,
27-09-2006,1637,228,,,,
28-09-2006,1662,230,,,,
29-09-2006,1687,230,,,,
30-09-2006,1714,230,,,,
01-10-2006,1725,229,,,,
02-10-2006,1716,230,,,,
03-10-2006,1700,232,,,,
04-10-2006,1684,232,,,,
05-10-2006,1739,234,,,,
06-10-2006,1779,235,,,,
07-10-2006,1777,235,,,,
08-10-2006,1781,235,,,,
09-10-2006,1802,234,,,,
10-10-2006,1817,234,,,,
11-10-2006,1829,233,,,,
12-10-2006,1829,233,,,,
13-10-2006,1829,232,,,,
14-10-2006,1833,232,,,,
15-10-2006,1826,231,,,,
16-10-2006,1817,231,,,,
17-10-2006,1812,230,,,,
18-10-2006,1803,230,,,,
19-10-2006,1795,232,,,,
20-10-2006,1788,236,,,,
21-10-2006,1784,236,,,,
22-10-2006,1779,236,,,,
23-10-2006,1772,236,,,,
24-10-2006,1786,236,,,,
25-10-2006,1786,240,,,,
26-10-2006,1862,246,,,,
27-10-2006,1926,293,,,,
28-10-2006,2026,353,,,,
29-10-2006,2108,445,,,,
30-10-2006,2193,500,,,,
31-10-2006,2241,525,,,,
01-11-2006,2265,540,,,,
02-11-2006,2290,545,,,,
03-11-2006,2298,560,,,,
04-11-2006,2298,574,,,,
05-11-2006,2298,584,,,,
06-11-2006,2298,594,,,,
07-11-2006,2282,606,,,,
08-11-2006,2282,619,,,,
09-11-2006,2295,631,,,,
10-11-2006,2295,637,,,,
11-11-2006,2301,647,,,,
12-11-2006,2298,657,,,,
13-11-2006,2298,673,,,,
14-11-2006,2298,687,,,,
15-11-2006,2295,703,,,,
16-11-2006,2295,717,,,,
17-11-2006,2290,729,,,,
18-11-2006,2293,744,,,,
19-11-2006,2315,770,,,,
20-11-2006,2329,786,,,,
21-11-2006,2337,790,,,,
22-11-2006,2356,784,,,,
23-11-2006,2362,775,,,,
24-11-2006,2367,773,,,,
25-11-2006,2370,774,,,,
26-11-2006,2367,775,,,,
27-11-2006,2365,777,,,,
28-11-2006,2365,758,,,,
29-11-2006,2362,742,,,,
30-11-2006,2356,725,,,,
01-12-2006,2354,708,,,,
02-12-2006,2351,691,,,,
03-12-2006,2351,672,,,,
04-12-2006,2348,656,,,,
05-12-2006,2342,639,,,,
06-12-2006,2334,622,,,,
07-12-2006,2326,605,,,,
08-12-2006,2320,587,,,,
09-12-2006,2315,569,,,,
10-12-2006,2309,551,,,,
11-12-2006,2362,533,,,,
12-12-2006,2458,516,,,,
13-12-2006,2524,499,,,,
14-12-2006,2547,491,,,,
15-12-2006,2565,484,,,,
16-12-2006,2583,491,,,,
17-12-2006,2600,493,,,,
18-12-2006,2633,494,,,,
19-12-2006,2669,495,,,,
20-12-2006,2703,495,,,,
21-12-2006,2742,495,,,,
22-12-2006,2782,493,,,,
23-12-2006,2823,491,,,,
24-12-2006,2832,489,,,,
25-12-2006,2845,487,,,,
26-12-2006,2861,485,,,,
27-12-2006,2867,483,,,,
28-12-2006,2883,481,,,,
29-12-2006,2896,479,,,,
30-12-2006,2905,477,,,,
31-12-2006,2918,475,,,,
01-01-2007,2928,473,,,,
02-01-2007,2940,471,,,,
03-01-2007,2950,469,,,,
04-01-2007,2963,467,,,,
05-01-2007,2973,465,,,,
06-01-2007,2986,463,,,,
07-01-2007,2983,461,,,,
08-01-2007,2973,460,,,,
09-01-2007,2966,459,,,,
10-01-2007,2958,458,,,,
11-01-2007,2940,464,,,,
12-01-2007,2918,470,,,,
13-01-2007,2899,474,,,,
14-01-2007,2889,477,,,,
15-01-2007,2877,480,,,,
16-01-2007,2861,483,,,,
17-01-2007,2851,486,,,,
18-01-2007,2829,489,,,,
19-01-2007,2817,492,,,,
20-01-2007,2810,499,,,,
21-01-2007,2795,504,,,,
22-01-2007,2773,509,,,,
23-01-2007,2761,512,,,,
24-01-2007,2739,515,,,,
25-01-2007,2706,519,,,,
26-01-2007,2669,523,,,,
27-01-2007,2639,527,,,,
28-01-2007,2618,531,,,,
29-01-2007,2598,534,,,,
30-01-2007,2586,537,,,,
31-01-2007,2577,541,,,,
01-02-2007,2565,545,,,,
02-02-2007,2553,549,,,,
03-02-2007,2545,555,,,,
04-02-2007,2524,560,,,,
05-02-2007,2513,561,,,,
06-02-2007,2492,564,,,,
07-02-2007,2469,566,,,,
08-02-2007,2452,570,,,,
09-02-2007,2432,570,,,,
10-02-2007,2410,569,,,,
11-02-2007,2393,569,,,,
12-02-2007,2376,567,,,,
13-02-2007,2359,566,,,,
14-02-2007,2345,562,,,,
15-02-2007,2331,560,,,,
16-02-2007,2317,558,,,,
17-02-2007,2309,555,,,,
18-02-2007,2306,552,,,,
19-02-2007,2301,550,,,,
20-02-2007,2298,548,,,,
21-02-2007,2295,545,,,,
22-02-2007,2293,543,,,,
23-02-2007,2287,540,,,,
24-02-2007,2282,538,,,,
25-02-2007,2276,536,,,,
26-02-2007,2271,533,,,,
27-02-2007,2263,530,,,,
28-02-2007,2255,527,,,,
01-03-2007,2246,524,,,,
02-03-2007,2238,521,,,,
03-03-2007,2233,518,,,,
04-03-2007,2225,515,,,,
05-03-2007,2217,512,,,,
06-03-2007,2211,509,,,,
07-03-2007,2206,507,,,,
08-03-2007,2201,504,,,,
09-03-2007,2193,502,,,,
10-03-2007,2185,500,,,,
11-03-2007,2177,498,,,,
12-03-2007,2171,496,,,,
13-03-2007,2163,494,,,,
14-03-2007,2158,492,,,,
15-03-2007,2153,490,,,,
16-03-2007,2145,488,,,,
17-03-2007,2137,486,,,,
18-03-2007,2129,484,,,,
19-03-2007,2121,482,,,,
20-03-2007,2116,480,,,,
21-03-2007,2111,477,,,,
22-03-2007,2106,475,,,,
23-03-2007,2100,455,,,,
24-03-2007,2095,437,,,,
25-03-2007,2090,419,,,,
26-03-2007,2082,402,,,,
27-03-2007,2074,384,,,,
28-03-2007,2067,366,,,,
29-03-2007,2059,348,,,,
30-03-2007,2051,330,,,,
31-03-2007,2044,312,,,,
01-04-2007,2036,294,,,,
02-04-2007,2028,276,,,,
03-04-2007,2021,258,,,,
04-04-2007,2013,240,,,,
05-04-2007,2006,222,,,,
06-04-2007,1998,204,,,,
07-04-2007,1990,186,,,,
08-04-2007,1983,168,,,,
09-04-2007,1975,150,,,,
10-04-2007,1968,132,,,,
11-04-2007,1960,115,,,,
12-04-2007,1953,99,,,,
13-04-2007,1945,88,,,,
14-04-2007,1938,80,,,,
15-04-2007,1931,72,,,,
16-04-2007,1926,66,,,,
17-04-2007,1921,61,,,,
18-04-2007,1916,57,,,,
19-04-2007,1911,54,,,,
20-04-2007,1923,54,,,,
21-04-2007,1921,54,,,,
22-04-2007,1931,53,,,,
23-04-2007,1926,53,,,,
24-04-2007,1918,52,,,,
25-04-2007,1911,52,,,,
26-04-2007,1904,51,,,,
27-04-2007,1896,51,,,,
28-04-2007,1889,50,,,,
29-04-2007,1882,50,,,,
30-04-2007,1874,49,,,,
01-05-2007,1867,49,,,,
02-05-2007,1860,48,,,,
03-05-2007,1853,48,,,,
04-05-2007,1857,47,,,,
05-05-2007,1853,47,,,,
06-05-2007,1845,47,,,,
07-05-2007,1838,46,,,,
08-05-2007,1831,46,,,,
09-05-2007,1826,46,,,,
10-05-2007,1819,45,,,,
11-05-2007,1812,45,,,,
12-05-2007,1805,45,,,,
13-05-2007,1807,44,,,,
14-05-2007,1800,44,,,,
15-05-2007,1777,44,,,,
16-05-2007,1746,43,,,,
17-05-2007,1716,43,,,,
18-05-2007,1687,43,,,,
19-05-2007,1669,42,,,,
20-05-2007,1642,42,,,,
21-05-2007,1615,42,,,,
22-05-2007,1587,41,,,,
23-05-2007,1559,41,,,,
24-05-2007,1531,41,,,,
25-05-2007,1504,40,,,,
26-05-2007,1477,40,,,,
27-05-2007,1450,40,,,,
28-05-2007,1416,40,,,,
29-05-2007,1379,40,,,,
30-05-2007,1342,40,,,,
31-05-2007,1306,40,,,,
01-06-2007,1270,39,,,,
02-06-2007,1234,39,,,,
03-06-2007,1197,39,,,,
04-06-2007,1161,39,,,,
05-06-2007,1125,39,,,,
06-06-2007,1088,39,,,,
07-06-2007,1053,38,,,,
08-06-2007,1017,38,,,,
09-06-2007,982,38,,,,
10-06-2007,947,38,,,,
11-06-2007,918,38,,,,
12-06-2007,882,38,,,,
13-06-2007,846,37,,,,
14-06-2007,811,37,,,,
15-06-2007,775,37,,,,
16-06-2007,740,37,,,,
17-06-2007,705,37,,,,
18-06-2007,669,37,,,,
19-06-2007,637,37,,,,
20-06-2007,602,37,,,,
21-06-2007,568,37,,,,
22-06-2007,541,38,,,,
23-06-2007,506,38,,,,
24-06-2007,471,38,,,,
25-06-2007,436,38,,,,
26-06-2007,401,37,,,,
27-06-2007,370,37,,,,
28-06-2007,347,37,,,,
29-06-2007,336,37,,,,
30-06-2007,322,37,,,,
01-07-2007,305,37,,,,
02-07-2007,285,37,,,,
03-07-2007,281,37,,,,
04-07-2007,273,36,,,,
05-07-2007,264,36,,,,
06-07-2007,279,37,,,,
07-07-2007,273,37,,,,
08-07-2007,267,37,,,,
09-07-2007,261,37,,,,
10-07-2007,252,37,,,,
11-07-2007,243,39,,,,
12-07-2007,251,40,,,,
13-07-2007,256,45,,,,
14-07-2007,251,46,,,,
15-07-2007,242,46,,,,
16-07-2007,237,47,,,,
17-07-2007,230,47,,,,
18-07-2007,224,47,,,,
19-07-2007,218,47,,,,
20-07-2007,212,47,,,,
21-07-2007,206,47,,,,
22-07-2007,200,50,,,,
23-07-2007,194,50,,,,
24-07-2007,191,50,,,,
25-07-2007,186,50,,,,
26-07-2007,181,50,,,,
27-07-2007,176,50,,,,
28-07-2007,176,50,,,,
29-07-2007,177,51,,,,
30-07-2007,181,52,,,,
31-07-2007,185,53,,,,
01-08-2007,200,56,,,,
02-08-2007,208,58,,,,
03-08-2007,217,58,,,,
04-08-2007,217,58,,,,
05-08-2007,211,58,,,,
06-08-2007,205,58,,,,
07-08-2007,199,58,,,,
08-08-2007,221,58,,,,
09-08-2007,236,58,,,,
10-08-2007,248,58,,,,
11-08-2007,270,58,,,,
12-08-2007,307,58,,,,
13-08-2007,344,58,,,,
14-08-2007,380,57,,,,
15-08-2007,417,57,,,,
16-08-2007,456,57,,,,
17-08-2007,493,57,,,,
18-08-2007,528,57,,,,
19-08-2007,554,57,,,,
20-08-2007,580,57,,,,
21-08-2007,602,57,,,,
22-08-2007,633,57,,,,
23-08-2007,673,61,,,,
24-08-2007,715,61,,,,
25-08-2007,747,61,,,,
26-08-2007,790,64,,,,
27-08-2007,821,64,,,,
28-08-2007,851,64,,,,
29-08-2007,882,64,,,,
30-08-2007,960,66,,,,
31-08-2007,1018,68,,,,
01-09-2007,1071,68,,,,
02-09-2007,1114,68,,,,
03-09-2007,1190,68,,,,
04-09-2007,1255,68,,,,
05-09-2007,1299,68,,,,
06-09-2007,1377,72,,,,
07-09-2007,1416,72,,,,
08-09-2007,1467,75,,,,
09-09-2007,1518,80,,,,
10-09-2007,1561,85,,,,
11-09-2007,1593,90,,,,
12-09-2007,1626,95,,,,
13-09-2007,1653,100,,,,
14-09-2007,1716,105,,,,
15-09-2007,1774,110,,,,
16-09-2007,1814,115,,,,
17-09-2007,1848,119,,,,
18-09-2007,1882,123,,,,
19-09-2007,1911,126,,,,
20-09-2007,1945,128,,,,
21-09-2007,1980,128,,,,
22-09-2007,2011,128,,,,
23-09-2007,2044,128,,,,
24-09-2007,2075,128,,,,
25-09-2007,2103,128,,,,
26-09-2007,2124,128,,,,
27-09-2007,2140,128,,,,
28-09-2007,2182,128,,,,
29-09-2007,2206,128,,,,
30-09-2007,2241,130,,,,
01-10-2007,2265,130,,,,
02-10-2007,2290,135,,,,
03-10-2007,2304,140,,,,
04-10-2007,2287,145,,,,
05-10-2007,2265,150,,,,
06-10-2007,2241,154,,,,
07-10-2007,2217,158,,,,
08-10-2007,2195,162,,,,
09-10-2007,2171,166,,,,
10-10-2007,2142,170,,,,
11-10-2007,2103,172,,,,
12-10-2007,2064,174,,,,
13-10-2007,2022,176,,,,
14-10-2007,2003,178,,,,
15-10-2007,1963,180,,,,
16-10-2007,1926,182,,,,
17-10-2007,2501,606,,,,
18-10-2007,1867,186,,,,
19-10-2007,1836,188,,,,
20-10-2007,1802,190,,,,
21-10-2007,1767,192,,,,
22-10-2007,1739,194,,,,
23-10-2007,1728,196,,,,
24-10-2007,1763,202,,,,
25-10-2007,1791,207,,,,
26-10-2007,1821,209,,,,
27-10-2007,1845,212,,,,
28-10-2007,1882,216,,,,
29-10-2007,2082,232,,,,
30-10-2007,2298,342,,,,
31-10-2007,2398,387,,,,
01-11-2007,2429,431,,,,
02-11-2007,2464,462,,,,
03-11-2007,2507,478,,,,
04-11-2007,2521,496,,,,
05-11-2007,2542,529,,,,
06-11-2007,2559,548,,,,
07-11-2007,2574,562,,,,
08-11-2007,2568,574,,,,
09-11-2007,2550,584,,,,
10-11-2007,2536,594,,,,
11-11-2007,2524,597,,,,
12-11-2007,2521,600,,,,
13-11-2007,2518,602,,,,
14-11-2007,2518,603,,,,
15-11-2007,2512,604,,,,
16-11-2007,2509,605,,,,
17-11-2007,2501,606,,,,
18-11-2007,2495,607,,,,
19-11-2007,2492,608,,,,
20-11-2007,2515,611,,,,
21-11-2007,2559,628,,,,
22-11-2007,2574,636,,,,
23-11-2007,2580,644,,,,
24-11-2007,2583,651,,,,
25-11-2007,2583,653,,,,
26-11-2007,2580,655,,,,
27-11-2007,2580,656,,,,
28-11-2007,2577,657,,,,
29-11-2007,2574,658,,,,
30-11-2007,2571,659,,,,
01-12-2007,2568,660,,,,
02-12-2007,2565,661,,,,
03-12-2007,2562,662,,,,
04-12-2007,2568,663,,,,
05-12-2007,2565,664,,,,
06-12-2007,2568,665,,,,
07-12-2007,2580,666,,,,
08-12-2007,2592,667,,,,
09-12-2007,2595,668,,,,
10-12-2007,2598,669,,,,
11-12-2007,2598,670,,,,
12-12-2007,2598,671,,,,
13-12-2007,2598,672,,,,
14-12-2007,2595,673,,,,
15-12-2007,2592,674,,,,
16-12-2007,2589,675,,,,
17-12-2007,2586,676,,,,
18-12-2007,2595,677,,,,
19-12-2007,2703,694,,,,
20-12-2007,2975,821,,,,
21-12-2007,3085,881,,,,
22-12-2007,3131,881,,,,
23-12-2007,3231,867,,,,
24-12-2007,3231,867,,,,
25-12-2007,3231,840,,,,
26-12-2007,3134,840,,,,
27-12-2007,3118,856,,,,
28-12-2007,3104,875,,,,
29-12-2007,3101,881,,,,
30-12-2007,3101,881,,,,
31-12-2007,3101,881,,,,
01-01-2008,3101,881,,,,
02-01-2008,3098,880,,,,
03-01-2008,3095,878,,,,
04-01-2008,3093,881,,,,
05-01-2008,3131,881,,,,
06-01-2008,3146,881,,,,
07-01-2008,3231,881,,,,
08-01-2008,3231,881,,,,
09-01-2008,3231,881,,,,
10-01-2008,3231,881,,,,
11-01-2008,3231,881,,,,
12-01-2008,3231,881,,,,
13-01-2008,3146,881,,,,
14-01-2008,3146,881,,,,
15-01-2008,3146,881,,,,
16-01-2008,3142,881,,,,
17-01-2008,3142,881,,,,
18-01-2008,3138,881,,,,
19-01-2008,3134,881,,,,
20-01-2008,3128,881,,,,
21-01-2008,3124,881,,,,
22-01-2008,3121,881,,,,
23-01-2008,3118,881,,,,
24-01-2008,3114,880,,,,
25-01-2008,3108,878,,,,
26-01-2008,3101,877,,,,
27-01-2008,3095,875,,,,
28-01-2008,3090,874,,,,
29-01-2008,3085,872,,,,
30-01-2008,3077,871,,,,
31-01-2008,3069,869,,,,
01-02-2008,3061,867,,,,
02-02-2008,3054,865,,,,
03-02-2008,3048,862,,,,
04-02-2008,3041,859,,,,
05-02-2008,3035,856,,,,
06-02-2008,3031,853,,,,
07-02-2008,3025,851,,,,
08-02-2008,3018,849,,,,
09-02-2008,3015,847,,,,
10-02-2008,3012,845,,,,
11-02-2008,3009,842,,,,
12-02-2008,3005,839,,,,
13-02-2008,3002,836,,,,
14-02-2008,2999,833,,,,
15-02-2008,2995,830,,,,
16-02-2008,2995,830,,,,
17-02-2008,2982,825,,,,
18-02-2008,2979,822,,,,
19-02-2008,2973,819,,,,
20-02-2008,2966,816,,,,
21-02-2008,2960,813,,,,
22-02-2008,2953,810,,,,
23-02-2008,2944,807,,,,
24-02-2008,2934,804,,,,
25-02-2008,2924,800,,,,
26-02-2008,2915,797,,,,
27-02-2008,2886,794,,,,
28-02-2008,2851,791,,,,
29-02-2008,2826,788,,,,
01-03-2008,2801,785,,,,
02-03-2008,2776,782,,,,
03-03-2008,2752,779,,,,
04-03-2008,2727,776,,,,
05-03-2008,2703,773,,,,
06-03-2008,2678,770,,,,
07-03-2008,2654,767,,,,
08-03-2008,2627,764,,,,
09-03-2008,2603,761,,,,
10-03-2008,2577,758,,,,
11-03-2008,2550,755,,,,
12-03-2008,2533,752,,,,
13-03-2008,2527,749,,,,
14-03-2008,2518,753,,,,
15-03-2008,2504,758,,,,
16-03-2008,2487,758,,,,
17-03-2008,2464,758,,,,
18-03-2008,2441,758,,,,
19-03-2008,2415,758,,,,
20-03-2008,2393,758,,,,
21-03-2008,2452,758,,,,
22-03-2008,2481,764,,,,
23-03-2008,2484,769,,,,
24-03-2008,2484,769,,,,
25-03-2008,2481,769,,,,
26-03-2008,2501,768,,,,
27-03-2008,2501,767,,,,
28-03-2008,2501,766,,,,
29-03-2008,2498,764,,,,
30-03-2008,2495,761,,,,
31-03-2008,2492,759,,,,
01-04-2008,2487,756,,,,
02-04-2008,2484,754,,,,
03-04-2008,2478,752,,,,
04-04-2008,2475,750,,,,
05-04-2008,2469,748,,,,
06-04-2008,2464,746,,,,
07-04-2008,2458,744,,,,
08-04-2008,2449,742,,,,
09-04-2008,2441,740,,,,
10-04-2008,2432,738,,,,
11-04-2008,2424,736,,,,
12-04-2008,2415,733,,,,
13-04-2008,2407,730,,,,
14-04-2008,2398,727,,,,
15-04-2008,2393,724,,,,
16-04-2008,2384,721,,,,
17-04-2008,2376,718,,,,
18-04-2008,2367,715,,,,
19-04-2008,2359,712,,,,
20-04-2008,2351,709,,,,
21-04-2008,2342,706,,,,
22-04-2008,2337,703,,,,
23-04-2008,2331,700,,,,
24-04-2008,2326,697,,,,
25-04-2008,2320,694,,,,
26-04-2008,2312,691,,,,
27-04-2008,2304,688,,,,
28-04-2008,2295,685,,,,
29-04-2008,2287,682,,,,
30-04-2008,2279,679,,,,
01-05-2008,2257,676,,,,
02-05-2008,2219,673,,,,
03-05-2008,2182,670,,,,
04-05-2008,2145,667,,,,
05-05-2008,2111,664,,,,
06-05-2008,2072,661,,,,
07-05-2008,2036,658,,,,
08-05-2008,2000,655,,,,
09-05-2008,1962,652,,,,
10-05-2008,1926,649,,,,
11-05-2008,1908,646,,,,
12-05-2008,1872,643,,,,
13-05-2008,1821,640,,,,
14-05-2008,1769,637,,,,
15-05-2008,1716,634,,,,
16-05-2008,1662,631,,,,
17-05-2008,1608,628,,,,
18-05-2008,1557,625,,,,
19-05-2008,1504,622,,,,
20-05-2008,1452,619,,,,
21-05-2008,1400,616,,,,
22-05-2008,1420,613,,,,
23-05-2008,1377,610,,,,
24-05-2008,1325,607,,,,
25-05-2008,1273,604,,,,
26-05-2008,1221,601,,,,
27-05-2008,1168,598,,,,
28-05-2008,1115,595,,,,
29-05-2008,1063,592,,,,
30-05-2008,1011,589,,,,
31-05-2008,958,586,,,,
01-06-2008,945,583,,,,
02-06-2008,927,580,,,,
03-06-2008,909,577,,,,
04-06-2008,891,574,,,,
05-06-2008,873,571,,,,
06-06-2008,853,568,,,,
07-06-2008,832,565,,,,
08-06-2008,812,562,,,,
09-06-2008,801,559,,,,
10-06-2008,800,556,,,,
11-06-2008,797,553,,,,
12-06-2008,794,550,,,,
13-06-2008,790,547,,,,
14-06-2008,786,544,,,,
15-06-2008,782,541,,,,
16-06-2008,776,538,,,,
17-06-2008,771,535,,,,
18-06-2008,766,532,,,,
19-06-2008,760,529,,,,
20-06-2008,755,526,,,,
21-06-2008,749,523,,,,
22-06-2008,763,525,,,,
23-06-2008,763,525,,,,
24-06-2008,757,523,,,,
25-06-2008,752,520,,,,
26-06-2008,747,518,,,,
27-06-2008,741,517,,,,
28-06-2008,736,516,,,,
29-06-2008,738,516,,,,
30-06-2008,738,515,,,,
01-07-2008,736,514,,,,
02-07-2008,736,513,,,,
03-07-2008,732,512,,,,
04-07-2008,729,511,,,,
05-07-2008,725,510,,,,
06-07-2008,721,508,,,,
07-07-2008,715,507,,,,
08-07-2008,711,506,,,,
09-07-2008,706,504,,,,
10-07-2008,715,503,,,,
11-07-2008,711,502,,,,
12-07-2008,705,500,,,,
13-07-2008,699,498,,,,
14-07-2008,693,495,,,,
15-07-2008,687,492,,,,
16-07-2008,682,489,,,,
17-07-2008,677,486,,,,
18-07-2008,673,471,,,,
19-07-2008,681,458,,,,
20-07-2008,677,445,,,,
21-07-2008,673,432,,,,
22-07-2008,668,419,,,,
23-07-2008,662,406,,,,
24-07-2008,657,393,,,,
25-07-2008,653,380,,,,
26-07-2008,648,367,,,,
27-07-2008,644,354,,,,
28-07-2008,641,341,,,,
29-07-2008,645,328,,,,
30-07-2008,645,315,,,,
31-07-2008,643,302,,,,
01-08-2008,639,289,,,,
02-08-2008,633,276,,,,
03-08-2008,628,263,,,,
04-08-2008,624,250,,,,
05-08-2008,622,237,,,,
06-08-2008,619,224,,,,
07-08-2008,617,211,,,,
08-08-2008,614,198,,,,
09-08-2008,614,185,,,,
10-08-2008,613,183,,,,
11-08-2008,611,181,,,,
12-08-2008,609,179,,,,
13-08-2008,604,178,,,,
14-08-2008,598,177,,,,
15-08-2008,592,176,,,,
16-08-2008,586,175,,,,
17-08-2008,580,174,,,,
18-08-2008,578,173,,,,
19-08-2008,574,172,,,,
20-08-2008,584,174,,,,
21-08-2008,584,182,,,,
22-08-2008,582,191,,,,
23-08-2008,578,193,,,,
24-08-2008,573,197,,,,
25-08-2008,568,197,,,,
26-08-2008,563,197,,,,
27-08-2008,558,197,,,,
28-08-2008,553,197,,,,
29-08-2008,548,197,,,,
30-08-2008,543,197,,,,
31-08-2008,539,197,,,,
01-09-2008,540,184,,,,
02-09-2008,539,172,,,,
03-09-2008,536,161,,,,
04-09-2008,533,148,,,,
05-09-2008,531,135,,,,
06-09-2008,526,122,,,,
07-09-2008,523,114,,,,
08-09-2008,519,106,,,,
09-09-2008,515,99,,,,
10-09-2008,513,92,,,,
11-09-2008,510,85,,,,
12-09-2008,505,81,,,,
13-09-2008,502,79,,,,
14-09-2008,497,78,,,,
15-09-2008,502,77,,,,
16-09-2008,500,76,,,,
17-09-2008,496,76,,,,
18-09-2008,491,76,,,,
19-09-2008,489,75,,,,
20-09-2008,485,75,,,,
21-09-2008,493,75,,,,
22-09-2008,529,75,,,,
23-09-2008,582,75,,,,
24-09-2008,632,75,,,,
25-09-2008,689,90,,,,
26-09-2008,736,95,,,,
27-09-2008,783,95,,,,
28-09-2008,837,95,,,,
29-09-2008,888,95,,,,
30-09-2008,941,97,,,,
01-10-2008,989,97,,,,
02-10-2008,1033,97,,,,
03-10-2008,1074,97,,,,
04-10-2008,1122,99,,,,
05-10-2008,1177,99,,,,
06-10-2008,1215,99,,,,
07-10-2008,1257,99,,,,
08-10-2008,1292,99,,,,
09-10-2008,1323,99,,,,
10-10-2008,1348,98,,,,
11-10-2008,1381,98,,,,
12-10-2008,1416,98,,,,
13-10-2008,1462,111,,,,
14-10-2008,1508,120,,,,
15-10-2008,1550,121,,,,
16-10-2008,1595,121,,,,
17-10-2008,1633,122,,,,
18-10-2008,1687,124,,,,
19-10-2008,1739,125,,,,
20-10-2008,1810,132,,,,
21-10-2008,1908,180,,,,
22-10-2008,1960,210,,,,
23-10-2008,2018,257,,,,
24-10-2008,2039,279,,,,
25-10-2008,2077,310,,,,
26-10-2008,2090,320,,,,
27-10-2008,2093,324,,,,
28-10-2008,2093,325,,,,
29-10-2008,2095,325,,,,
30-10-2008,2090,325,,,,
31-10-2008,2090,325,,,,
01-11-2008,2100,325,,,,
02-11-2008,2108,325,,,,
03-11-2008,2113,325,,,,
04-11-2008,2116,325,,,,
05-11-2008,2119,325,,,,
06-11-2008,2121,325,,,,
07-11-2008,2119,325,,,,
08-11-2008,2113,325,,,,
09-11-2008,2108,325,,,,
10-11-2008,2124,325,,,,
11-11-2008,2134,325,,,,
12-11-2008,2129,325,,,,
13-11-2008,2124,324,,,,
14-11-2008,2119,324,,,,
15-11-2008,2111,324,,,,
16-11-2008,2137,331,,,,
17-11-2008,2127,333,,,,
18-11-2008,2116,335,,,,
19-11-2008,2095,335,,,,
20-11-2008,2082,335,,,,
21-11-2008,2085,335,,,,
22-11-2008,2116,345,,,,
23-11-2008,2142,360,,,,
24-11-2008,2155,372,,,,
25-11-2008,2163,389,,,,
26-11-2008,2214,398,,,,
27-11-2008,2373,456,,,,
28-11-2008,2898,609,,,,
29-11-2008,2829,765,,,,
30-11-2008,2982,871,,,,
01-12-2008,3018,881,,,,
02-12-2008,3051,881,,,,
03-12-2008,3093,881,,,,
04-12-2008,3231,881,,,,
05-12-2008,3231,881,,,,
06-12-2008,3231,881,,,,
07-12-2008,3231,881,,,,
08-12-2008,3231,881,,,,
09-12-2008,3231,881,,,,
10-12-2008,3231,881,,,,
11-12-2008,3231,881,,,,
12-12-2008,3231,881,,,,
13-12-2008,3231,881,,,,
14-12-2008,3231,881,,,,
15-12-2008,3231,881,,,,
16-12-2008,3231,881,,,,
17-12-2008,3231,881,,,,
18-12-2008,3231,881,,,,
19-12-2008,3231,881,,,,
20-12-2008,3231,881,,,,
21-12-2008,3231,881,,,,
22-12-2008,3231,881,,,,
23-12-2008,3213,881,,,,
24-12-2008,3186,881,,,,
25-12-2008,3159,881,,,,
26-12-2008,3134,881,,,,
27-12-2008,3121,881,,,,
28-12-2008,3108,881,,,,
29-12-2008,3098,880,,,,
30-12-2008,3087,878,,,,
31-12-2008,3073,875,,,,
01-01-2009,3058,872,,,,
02-01-2009,3045,869,,,,
03-01-2009,3031,867,,,,
04-01-2009,3022,862,,,,
05-01-2009,3012,858,,,,
06-01-2009,2999,854,,,,
07-01-2009,2989,850,,,,
08-01-2009,2982,847,,,,
09-01-2009,2979,844,,,,
10-01-2009,2976,841,,,,
11-01-2009,2973,838,,,,
12-01-2009,2963,835,,,,
13-01-2009,2953,832,,,,
14-01-2009,2944,829,,,,
15-01-2009,2934,826,,,,
16-01-2009,2921,824,,,,
17-01-2009,2921,821,,,,
18-01-2009,2924,818,,,,
19-01-2009,2924,815,,,,
20-01-2009,2921,812,,,,
21-01-2009,2918,809,,,,
22-01-2009,2921,806,,,,
23-01-2009,2924,803,,,,
24-01-2009,2931,801,,,,
25-01-2009,2934,798,,,,
26-01-2009,2934,795,,,,
27-01-2009,2944,792,,,,
28-01-2009,2960,789,,,,
29-01-2009,2973,786,,,,
30-01-2009,2992,783,,,,
31-01-2009,3015,780,,,,
01-02-2009,3025,778,,,,
02-02-2009,3038,776,,,,
03-02-2009,3025,774,,,,
04-02-2009,3022,772,,,,
05-02-2009,3015,769,,,,
06-02-2009,3002,767,,,,
07-02-2009,2986,765,,,,
08-02-2009,2963,763,,,,
09-02-2009,2950,761,,,,
10-02-2009,2918,759,,,,
11-02-2009,2902,757,,,,
12-02-2009,2886,755,,,,
13-02-2009,2867,753,,,,
14-02-2009,2854,750,,,,
15-02-2009,2839,747,,,,
16-02-2009,2823,744,,,,
17-02-2009,2804,741,,,,
18-02-2009,2792,738,,,,
19-02-2009,2782,735,,,,
20-02-2009,2770,732,,,,
21-02-2009,2761,729,,,,
22-02-2009,2761,726,,,,
23-02-2009,2761,723,,,,
24-02-2009,2767,720,,,,
25-02-2009,2770,717,,,,
26-02-2009,2776,714,,,,
27-02-2009,2786,711,,,,
28-02-2009,2795,708,,,,
01-03-2009,2798,705,,,,
02-03-2009,2795,702,,,,
03-03-2009,2789,699,,,,
04-03-2009,2798,696,,,,
05-03-2009,2807,693,,,,
06-03-2009,2817,690,,,,
07-03-2009,2823,687,,,,
08-03-2009,2839,684,,,,
09-03-2009,2839,681,,,,
10-03-2009,2842,678,,,,
11-03-2009,2854,672,,,,
12-03-2009,2861,669,,,,
13-03-2009,2870,666,,,,
14-03-2009,2877,663,,,,
15-03-2009,2883,660,,,,
16-03-2009,2883,657,,,,
17-03-2009,2886,654,,,,
18-03-2009,2889,651,,,,
19-03-2009,2892,648,,,,
20-03-2009,2896,646,,,,
21-03-2009,2899,644,,,,
22-03-2009,2902,642,,,,
23-03-2009,2905,640,,,,
24-03-2009,2902,638,,,,
25-03-2009,2902,637,,,,
26-03-2009,2902,635,,,,
27-03-2009,2912,634,,,,
28-03-2009,2915,632,,,,
29-03-2009,2912,630,,,,
30-03-2009,2905,628,,,,
31-03-2009,2899,627,,,,
01-04-2009,2886,625,,,,
02-04-2009,2858,623,,,,
03-04-2009,2810,621,,,,
04-04-2009,2764,619,,,,
05-04-2009,2724,617,,,,
06-04-2009,2690,614,,,,
07-04-2009,2666,611,,,,
08-04-2009,2639,608,,,,
09-04-2009,2612,605,,,,
10-04-2009,2586,602,,,,
11-04-2009,2559,599,,,,
12-04-2009,2536,596,,,,
13-04-2009,2510,593,,,,
14-04-2009,2484,590,,,,
15-04-2009,2458,587,,,,
16-04-2009,2432,584,,,,
17-04-2009,2404,581,,,,
18-04-2009,2396,578,,,,
19-04-2009,2390,575,,,,
20-04-2009,2384,572,,,,
21-04-2009,2379,569,,,,
22-04-2009,2373,566,,,,
23-04-2009,2367,563,,,,
24-04-2009,2359,560,,,,
25-04-2009,2351,557,,,,
26-04-2009,2342,554,,,,
27-04-2009,2331,551,,,,
28-04-2009,2320,548,,,,
29-04-2009,2309,545,,,,
30-04-2009,2298,542,,,,
01-05-2009,2287,539,,,,
02-05-2009,2276,536,,,,
03-05-2009,2265,533,,,,
04-05-2009,2255,530,,,,
05-05-2009,2244,527,,,,
06-05-2009,2233,524,,,,
07-05-2009,2222,514,,,,
08-05-2009,2211,499,,,,
09-05-2009,2201,484,,,,
10-05-2009,2190,469,,,,
11-05-2009,2179,454,,,,
12-05-2009,2171,439,,,,
13-05-2009,2163,424,,,,
14-05-2009,2155,409,,,,
15-05-2009,2145,394,,,,
16-05-2009,2134,387,,,,
17-05-2009,2126,371,,,,
18-05-2009,2116,356,,,,
19-05-2009,2108,342,,,,
20-05-2009,2100,329,,,,
21-05-2009,2090,315,,,,
22-05-2009,2085,302,,,,
23-05-2009,2077,289,,,,
24-05-2009,2069,276,,,,
25-05-2009,2062,263,,,,
26-05-2009,2051,250,,,,
27-05-2009,2041,237,,,,
28-05-2009,2033,224,,,,
29-05-2009,2025,211,,,,
30-05-2009,2016,198,,,,
31-05-2009,2006,185,,,,
01-06-2009,2000,172,,,,
02-06-2009,1993,159,,,,
03-06-2009,1985,146,,,,
04-06-2009,1978,133,,,,
05-06-2009,1973,120,,,,
06-06-2009,1965,107,,,,
07-06-2009,1955,96,,,,
08-06-2009,1945,91,,,,
09-06-2009,1938,88,,,,
10-06-2009,1928,86,,,,
11-06-2009,1918,84,,,,
12-06-2009,1911,83,,,,
13-06-2009,1901,82,,,,
14-06-2009,1894,81,,,,
15-06-2009,1894,81,,,,
16-06-2009,1879,79,,,,
17-06-2009,1872,79,,,,
18-06-2009,1867,79,,,,
19-06-2009,1860,79,,,,
20-06-2009,1853,78,,,,
21-06-2009,1845,80,,,,
22-06-2009,1819,83,,,,
23-06-2009,1793,85,,,,
24-06-2009,1765,85,,,,
25-06-2009,1737,85,,,,
26-06-2009,1709,85,,,,
27-06-2009,1682,84,,,,
28-06-2009,1653,84,,,,
29-06-2009,1624,84,,,,
30-06-2009,1595,84,,,,
01-07-2009,1567,83,,,,
02-07-2009,1540,83,,,,
03-07-2009,1512,83,,,,
04-07-2009,1483,83,,,,
05-07-2009,1456,84,,,,
06-07-2009,1428,84,,,,
07-07-2009,1398,84,,,,
08-07-2009,1369,84,,,,
09-07-2009,1342,84,,,,
10-07-2009,1314,84,,,,
11-07-2009,1286,84,,,,
12-07-2009,1257,84,,,,
13-07-2009,1227,84,,,,
14-07-2009,1197,84,,,,
15-07-2009,1167,85,,,,
16-07-2009,1135,86,,,,
17-07-2009,1104,87,,,,
18-07-2009,1074,88,,,,
19-07-2009,1042,89,,,,
20-07-2009,1013,90,,,,
21-07-2009,983,91,,,,
22-07-2009,954,92,,,,
23-07-2009,925,93,,,,
24-07-2009,895,94,,,,
25-07-2009,865,95,,,,
26-07-2009,836,96,,,,
27-07-2009,807,97,,,,
28-07-2009,778,98,,,,
29-07-2009,755,99,,,,
30-07-2009,726,100,,,,
31-07-2009,722,102,,,,
01-08-2009,695,104,,,,
02-08-2009,668,106,,,,
03-08-2009,641,108,,,,
04-08-2009,613,109,,,,
05-08-2009,586,111,,,,
06-08-2009,558,112,,,,
07-08-2009,529,113,,,,
08-08-2009,500,114,,,,
09-08-2009,471,115,,,,
10-08-2009,443,115,,,,
11-08-2009,416,117,,,,
12-08-2009,389,118,,,,
13-08-2009,362,119,,,,
14-08-2009,338,120,,,,
15-08-2009,400,123,,,,
16-08-2009,373,132,,,,
17-08-2009,348,155,,,,
18-08-2009,325,158,,,,
19-08-2009,303,161,,,,
20-08-2009,281,163,,,,
21-08-2009,262,165,,,,
22-08-2009,244,166,,,,
23-08-2009,229,166,,,,
24-08-2009,214,166,,,,
25-08-2009,205,166,,,,
26-08-2009,193,166,,,,
27-08-2009,187,166,,,,
28-08-2009,180,166,,,,
29-08-2009,177,166,,,,
30-08-2009,175,166,,,,
31-08-2009,177,166,,,,
01-09-2009,180,167,,,,
02-09-2009,173,167,,,,
03-09-2009,171,167,,,,
04-09-2009,168,167,,,,
05-09-2009,165,167,,,,
06-09-2009,161,167,,,,
07-09-2009,157,167,,,,
08-09-2009,153,167,,,,
09-09-2009,149,167,,,,
10-09-2009,145,167,,,,
11-09-2009,141,167,,,,
12-09-2009,137,167,,,,
13-09-2009,133,167,,,,
14-09-2009,131,167,,,,
15-09-2009,129,167,,,,
16-09-2009,127,167,,,,
17-09-2009,125,168,,,,
18-09-2009,123,168,,,,
19-09-2009,122,168,,,,
20-09-2009,150,169,,,,
21-09-2009,194,170,,,,
22-09-2009,243,171,,,,
23-09-2009,294,171,,,,
24-09-2009,345,173,,,,
25-09-2009,393,173,,,,
26-09-2009,437,180,,,,
27-09-2009,478,181,,,,
28-09-2009,519,185,,,,
29-09-2009,551,186,,,,
30-09-2009,574,188,,,,
01-10-2009,605,188,,,,
02-10-2009,645,188,,,,
03-10-2009,687,188,,,,
04-10-2009,728,188,,,,
05-10-2009,764,188,,,,
06-10-2009,797,188,,,,
07-10-2009,828,188,,,,
08-10-2009,858,188,,,,
09-10-2009,889,188,,,,
10-10-2009,934,188,,,,
11-10-2009,973,188,,,,
12-10-2009,1007,188,,,,
13-10-2009,1036,188,,,,
14-10-2009,1064,188,,,,
15-10-2009,1095,188,,,,
16-10-2009,1127,188,,,,
17-10-2009,1157,188,,,,
18-10-2009,1172,188,,,,
19-10-2009,1187,188,,,,
20-10-2009,1209,188,,,,
21-10-2009,1239,188,,,,
22-10-2009,1250,188,,,,
23-10-2009,1261,188,,,,
24-10-2009,1279,188,,,,
25-10-2009,1279,188,,,,
26-10-2009,1273,188,,,,
27-10-2009,1261,189,,,,
28-10-2009,1241,191,,,,
29-10-2009,1220,197,,,,
30-10-2009,1206,203,,,,
31-10-2009,1189,206,,,,
01-11-2009,1175,208,,,,
02-11-2009,1165,210,,,,
03-11-2009,1153,214,,,,
04-11-2009,1162,215,,,,
05-11-2009,1170,232,,,,
06-11-2009,1178,238,,,,
07-11-2009,1229,257,,,,
08-11-2009,1286,303,,,,
09-11-2009,1392,360,,,,
10-11-2009,1473,406,,,,
11-11-2009,1525,438,,,,
12-11-2009,1554,456,,,,
13-11-2009,1563,460,,,,
14-11-2009,1565,479.47,,,,
15-11-2009,1606,507.59,,,,
16-11-2009,1651,534.1,,,,
17-11-2009,1696,552.43,,,,
18-11-2009,1721,559.84,,,,
19-11-2009,1763,568,,,,
20-11-2009,1802,572,,,,
21-11-2009,1845,575.21,,,,
22-11-2009,1882,583,,,,
23-11-2009,1921,592,,,,
24-11-2009,1960,599,,,,
25-11-2009,1998,602,,,,
26-11-2009,2033,605,,,,
27-11-2009,2069,606,,,,
28-11-2009,2111,607,,,,
29-11-2009,2158,607,,,,
30-11-2009,2206,607,,,,
01-12-2009,2255,607,,,,
02-12-2009,2301,609,,,,
03-12-2009,2348,616,,,,
04-12-2009,2401,618,,,,
05-12-2009,2444,618,,,,
06-12-2009,2484,618,,,,
07-12-2009,2524,618,,,,
08-12-2009,2565,618,,,,
09-12-2009,2606,618,,,,
10-12-2009,2645,618,,,,
11-12-2009,2684,618,,,,
12-12-2009,2721,618,,,,
13-12-2009,2761,619,,,,
14-12-2009,2801,619,,,,
15-12-2009,2826,619.33,,,,
16-12-2009,2940,644,,,,
17-12-2009,2931,665,,,,
18-12-2009,2877,686,,,,
19-12-2009,2823,696,,,,
20-12-2009,2761,701,,,,
21-12-2009,2721,706,,,,
22-12-2009,2666,709,,,,
23-12-2009,2603,710,,,,
24-12-2009,2565,712,,,,
25-12-2009,2536,714,,,,
26-12-2009,2498,716,,,,
27-12-2009,2464,717,,,,
28-12-2009,2432,717,,,,
29-12-2009,2396,717,,,,
30-12-2009,2359,717,,,,
31-12-2009,2320,716,,,,
01-01-2010,2293,715,,,,
02-01-2010,2252,713,,,,
03-01-2010,2214,711,,,,
04-01-2010,2182,709,,,,
05-01-2010,2150,707,,,,
06-01-2010,2116,705,,,,
07-01-2010,2082,703,,,,
08-01-2010,2056,701,,,,
09-01-2010,2031,699,,,,
10-01-2010,2006,698,,,,
11-01-2010,1980,697,,,,
12-01-2010,1955,695,,,,
13-01-2010,1931,695,,,,
14-01-2010,1908,695,,,,
15-01-2010,1884,695,,,,
16-01-2010,1865,695,,,,
17-01-2010,1860,695,,,,
18-01-2010,1855,695,,,,
19-01-2010,1848,695,,,,
20-01-2010,1821,695,,,,
21-01-2010,1788,695,,,,
22-01-2010,1763,695,,,,
23-01-2010,1737,694,,,,
24-01-2010,1709,693,,,,
25-01-2010,1682,692,,,,
26-01-2010,1655,690,,,,
27-01-2010,1626,689,,,,
28-01-2010,1598,688,,,,
29-01-2010,1572,687,,,,
30-01-2010,1546,687,,,,
31-01-2010,1520,686,,,,
01-02-2010,1493,686,,,,
02-02-2010,1467,686,,,,
03-02-2010,1446,686,,,,
04-02-2010,1430,685,,,,
05-02-2010,1422,685,,,,
06-02-2010,1414,684,,,,
07-02-2010,1406,684,,,,
08-02-2010,1410,684,,,,
09-02-2010,1416,682,,,,
10-02-2010,1422,682,,,,
11-02-2010,1430,681,,,,
12-02-2010,1436,680,,,,
13-02-2010,1446,679,,,,
14-02-2010,1460,678,,,,
15-02-2010,1475,676,,,,
16-02-2010,1487,674,,,,
17-02-2010,1502,672,,,,
18-02-2010,1518,669,,,,
19-02-2010,1535,668,,,,
20-02-2010,1559,666,,,,
21-02-2010,1587,664,,,,
22-02-2010,1613,661,,,,
23-02-2010,1635,660,,,,
24-02-2010,1660,658,,,,
25-02-2010,1682,656,,,,
26-02-2010,1700,655,,,,
27-02-2010,1719,653,,,,
28-02-2010,1739,652,,,,
01-03-2010,1758,651,,,,
02-03-2010,1772,650,,,,
03-03-2010,1781,648,,,,
04-03-2010,1788,647,,,,
05-03-2010,1802,645,,,,
06-03-2010,1817,644,,,,
07-03-2010,1833,641,,,,
08-03-2010,1853,640,,,,
09-03-2010,1872,625,,,,
10-03-2010,1889,608,,,,
11-03-2010,1899,590,,,,
12-03-2010,1913,573,,,,
13-03-2010,1926,555,,,,
14-03-2010,1936,534,,,,
15-03-2010,1945,511,,,,
16-03-2010,1953,488,,,,
17-03-2010,1963,466,,,,
18-03-2010,1968,443,,,,
19-03-2010,1975,420,,,,
20-03-2010,1980,398,,,,
21-03-2010,1983,377,,,,
22-03-2010,1988,358,,,,
23-03-2010,1990,341,,,,
24-03-2010,2000,324,,,,
25-03-2010,2011,305,,,,
26-03-2010,2026,289,,,,
27-03-2010,2041,276,,,,
28-03-2010,2054,263,,,,
29-03-2010,2059,250,,,,
30-03-2010,2059,238,,,,
31-03-2010,2059,226,,,,
01-04-2010,2054,214,,,,
02-04-2010,2046,202,,,,
03-04-2010,2028,191,,,,
04-04-2010,2000,179,,,,
05-04-2010,1968,169,,,,
06-04-2010,1938,161,,,,
07-04-2010,1908,153,,,,
08-04-2010,1874,146,,,,
09-04-2010,1843,141,,,,
10-04-2010,1812,136,,,,
11-04-2010,1795,131,,,,
12-04-2010,1763,126,,,,
13-04-2010,1730,122,,,,
14-04-2010,1698,117,,,,
15-04-2010,1666,112,,,,
16-04-2010,1635,109,,,,
17-04-2010,1606,105,,,,
18-04-2010,1578,103,,,,
19-04-2010,1548,100,,,,
20-04-2010,1518,98,,,,
21-04-2010,1491,95,,,,
22-04-2010,1462,93,,,,
23-04-2010,1432,92,,,,
24-04-2010,1404,90,,,,
25-04-2010,1394,89,,,,
26-04-2010,1389,87,,,,
27-04-2010,1383,87,,,,
28-04-2010,1375,86,,,,
29-04-2010,1369,85,,,,
30-04-2010,1363,84,,,,
01-05-2010,1356,84,,,,
02-05-2010,1350,83,,,,
03-05-2010,1342,82,,,,
04-05-2010,1336,81,,,,
05-05-2010,1331,80,,,,
06-05-2010,1323,80,,,,
07-05-2010,1318,78,,,,
08-05-2010,1310,78,,,,
09-05-2010,1305,77,,,,
10-05-2010,1297,76,,,,
11-05-2010,1292,75,,,,
12-05-2010,1284,75,,,,
13-05-2010,1279,74,,,,
14-05-2010,1273,73,,,,
15-05-2010,1266,72,,,,
16-05-2010,1261,72,,,,
17-05-2010,1253,72,,,,
18-05-2010,1246,72,,,,
19-05-2010,1241,73,,,,
20-05-2010,1262,96,,,,
21-05-2010,1257,98,,,,
22-05-2010,1252,98,,,,
23-05-2010,1246,98,,,,
24-05-2010,1241,98,,,,
25-05-2010,1236,98,,,,
26-05-2010,1229,98,,,,
27-05-2010,1223,98,,,,
28-05-2010,1218,98,,,,
29-05-2010,1213,98,,,,
30-05-2010,1206,98,,,,
31-05-2010,1201,98,,,,
01-06-2010,1195,98,,,,
02-06-2010,1190,98,,,,
03-06-2010,1183,98,,,,
04-06-2010,1177,98,,,,
05-06-2010,1170,97,,,,
06-06-2010,1163,97,,,,
07-06-2010,1157,97,,,,
08-06-2010,1150,97,,,,
09-06-2010,1143,97,,,,
10-06-2010,1147,97,,,,
11-06-2010,1142,97,,,,
12-06-2010,1137,97,,,,
13-06-2010,1132,97,,,,
14-06-2010,1127,97,,,,
15-06-2010,1122,97,,,,
16-06-2010,1117,97,,,,
17-06-2010,1112,97,,,,
18-06-2010,1107,97,,,,
19-06-2010,1101,97,,,,
20-06-2010,1096,97,,,,
21-06-2010,1092,97,,,,
22-06-2010,1087,97,,,,
23-06-2010,1082,97,,,,
24-06-2010,1077,97,,,,
25-06-2010,1073,97,,,,
26-06-2010,1068,97,,,,
27-06-2010,1064,97,,,,
28-06-2010,1064,100,,,,
29-06-2010,1059,100,,,,
30-06-2010,1054,100,,,,
01-07-2010,1050,100,,,,
02-07-2010,1045,100,,,,
03-07-2010,1041,100,,,,
04-07-2010,1036,100,,,,
05-07-2010,1032,100,,,,
06-07-2010,1032,100,,,,
07-07-2010,1036,100,,,,
08-07-2010,1032,99,,,,
09-07-2010,1027,99,,,,
10-07-2010,1029,99,,,,
11-07-2010,1024,99,,,,
12-07-2010,1020,99,,,,
13-07-2010,1026,99,,,,
14-07-2010,1021,99,,,,
15-07-2010,1017,99,,,,
16-07-2010,1013,99,,,,
17-07-2010,1036,101,,,,
18-07-2010,1064,110,,,,
19-07-2010,1071,115,,,,
20-07-2010,1076,120,,,,
21-07-2010,1093,130,,,,
22-07-2010,1095,138,,,,
23-07-2010,1090,140,,,,
24-07-2010,1085,140,,,,
25-07-2010,1082,140,,,,
26-07-2010,1077,140,,,,
27-07-2010,1073,140,,,,
28-07-2010,1079,140,,,,
29-07-2010,1077,140,,,,
30-07-2010,1095,145,,,,
31-07-2010,1103,150,,,,
01-08-2010,1098,155,,,,
02-08-2010,1093,159,,,,
03-08-2010,1088,163,,,,
04-08-2010,1082,167,,,,
05-08-2010,1077,171,,,,
06-08-2010,1073,171,,,,
07-08-2010,1068,171,,,,
08-08-2010,1064,171,,,,
09-08-2010,1059,171,,,,
10-08-2010,1056,171,,,,
11-08-2010,1051,171,,,,
12-08-2010,1047,171,,,,
13-08-2010,1064,171,,,,
14-08-2010,1074,171,,,,
15-08-2010,1071,171,,,,
16-08-2010,1067,171,,,,
17-08-2010,1062,171,,,,
18-08-2010,1085,174,,,,
19-08-2010,1109,180,,,,
20-08-2010,1109,186,,,,
21-08-2010,1112,192,,,,
22-08-2010,1130,196,,,,
23-08-2010,1153,230,,,,
24-08-2010,1180,247,,,,
25-08-2010,1202,257,,,,
26-08-2010,1225,267,,,,
27-08-2010,1225,270,,,,
28-08-2010,1222,270,,,,
29-08-2010,1218,270,,,,
30-08-2010,1255,270,,,,
31-08-2010,1264,270,,,,
01-09-2010,1264,270,,,,
02-09-2010,1261,270,,,,
03-09-2010,1266,273,,,,
04-09-2010,1262,273,,,,
05-09-2010,1259,273,,,,
06-09-2010,1255,273,,,,
07-09-2010,1252,273,,,,
08-09-2010,1248,273,,,,
09-09-2010,1243,273,,,,
10-09-2010,1286,286,,,,
11-09-2010,1299,316,,,,
12-09-2010,1301,329,,,,
13-09-2010,1301,345,,,,
14-09-2010,1306,361,,,,
15-09-2010,1314,367,,,,
16-09-2010,1316,370,,,,
17-09-2010,1318,371,,,,
18-09-2010,1318,373,,,,
19-09-2010,1316,373,,,,
20-09-2010,1314,373,,,,
21-09-2010,1312,373,,,,
22-09-2010,1310,373,,,,
23-09-2010,1308,373,,,,
24-09-2010,1306,373,,,,
25-09-2010,1305,373,,,,
26-09-2010,1303,376,,,,
27-09-2010,1306,396,,,,
28-09-2010,1310,405,,,,
29-09-2010,1310,405,,,,
30-09-2010,1308,405,,,,
01-10-2010,1306,405,,,,
02-10-2010,1305,405,,,,
03-10-2010,1308,405,,,,
04-10-2010,1308,405,,,,
05-10-2010,1306,405,,,,
06-10-2010,1305,408,,,,
07-10-2010,1306,411,,,,
08-10-2010,1305,411,,,,
09-10-2010,1299,411,,,,
10-10-2010,1288,411,,,,
11-10-2010,1281,411,,,,
12-10-2010,1303,411,,,,
13-10-2010,1327,411,,,,
14-10-2010,1340,410,,,,
15-10-2010,1361,410,,,,
16-10-2010,1379,409,,,,
17-10-2010,1398,409,,,,
18-10-2010,1418,408,,,,
19-10-2010,1438,408,,,,
20-10-2010,1460,408,,,,
21-10-2010,1481,408,,,,
22-10-2010,1502,408,,,,
23-10-2010,1525,407,,,,
24-10-2010,1548,407,,,,
25-10-2010,1569,408,,,,
26-10-2010,1591,408,,,,
27-10-2010,1615,408,,,,
28-10-2010,1639,408,,,,
29-10-2010,1682,409,,,,
30-10-2010,1728,414,,,,
31-10-2010,1765,421,,,,
01-11-2010,1795,431,,,,
02-11-2010,1829,440,,,,
03-11-2010,1850,451,,,,
04-11-2010,1889,451,,,,
05-11-2010,1963,451,,,,
06-11-2010,2018,451,,,,
07-11-2010,2064,453,,,,
08-11-2010,2111,460,,,,
09-11-2010,2155,460,,,,
10-11-2010,2169,460,,,,
11-11-2010,2179,463,,,,
12-11-2010,2203,465,,,,
13-11-2010,2190,480,,,,
14-11-2010,2169,485,,,,
15-11-2010,2148,487,,,,
16-11-2010,2190,499,,,,
17-11-2010,2246,524,,,,
18-11-2010,2393,558,,,,
19-11-2010,2633,584,,,,
20-11-2010,2755,606,,,,
21-11-2010,2820,630,,,,
22-11-2010,2842,645,,,,
23-11-2010,2854,660,,,,
24-11-2010,2851,675,,,,
25-11-2010,2854,683,,,,
26-11-2010,2854,685,,,,
27-11-2010,2851,685,,,,
28-11-2010,2848,685,,,,
29-11-2010,2829,685,,,,
30-11-2010,2817,685,,,,
01-12-2010,2823,698,,,,
02-12-2010,2861,728,,,,
03-12-2010,2982,763,,,,
04-12-2010,3064,776,,,,
05-12-2010,3051,776,,,,
06-12-2010,3022,802,,,,
07-12-2010,3002,881,,,,
08-12-2010,3018,881,,,,
09-12-2010,3018,881,,,,
10-12-2010,3025,881,,,,
11-12-2010,3038,881,,,,
12-12-2010,3035,881,,,,
13-12-2010,3054,881,,,,
14-12-2010,3098,881,,,,
15-12-2010,3135,881,,,,
16-12-2010,3231,881,,,,
17-12-2010,3231,881,,,,
18-12-2010,3231,881,,,,
19-12-2010,3231,881,,,,
20-12-2010,3231,881,,,,
21-12-2010,3231,881,,,,
22-12-2010,3231,881,,,,
23-12-2010,3231,878,,,,
24-12-2010,3231,872,,,,
25-12-2010,3231,861,,,,
26-12-2010,3231,846,,,,
27-12-2010,3231,828,,,,
28-12-2010,3231,825,,,,
29-12-2010,3231,823,,,,
30-12-2010,3231,820,,,,
31-12-2010,3231,818,,,,
01-01-2011,3231,816,,,,
02-01-2011,3231,814,,,,
03-01-2011,3231,814,,,,
04-01-2011,3231,819,,,,
05-01-2011,3231,822,,,,
06-01-2011,3231,825,,,,
07-01-2011,3231,828,,,,
08-01-2011,3231,832,,,,
09-01-2011,3231,837,,,,
10-01-2011,3231,847,,,,
11-01-2011,3231,865,,,,
12-01-2011,3231,881,,,,
13-01-2011,3231,881,,,,
14-01-2011,3231,881,,,,
15-01-2011,3231,881,,,,
16-01-2011,3231,881,,,,
17-01-2011,3231,881,,,,
18-01-2011,3231,881,,,,
19-01-2011,3231,881,,,,
20-01-2011,3231,881,,,,
21-01-2011,3231,881,,,,
22-01-2011,3231,881,,,,
23-01-2011,3231,881,,,,
24-01-2011,3231,881,,,,
25-01-2011,3231,881,,,,
26-01-2011,3231,879,,,,
27-01-2011,3231,877,,,,
28-01-2011,3231,866,,,,
29-01-2011,3213,855,,,,
30-01-2011,3186,843,,,,
31-01-2011,3135,843,,,,
01-02-2011,3108,840,,,,
02-02-2011,3081,837,,,,
03-02-2011,3054,834,,,,
04-02-2011,3028,831,,,,
05-02-2011,3009,828,,,,
06-02-2011,2986,825,,,,
07-02-2011,2966,822,,,,
08-02-2011,2950,819,,,,
09-02-2011,2934,816,,,,
10-02-2011,2921,813,,,,
11-02-2011,2902,810,,,,
12-02-2011,2889,807,,,,
13-02-2011,2873,804,,,,
14-02-2011,2858,801,,,,
15-02-2011,2845,798,,,,
16-02-2011,2829,795,,,,
17-02-2011,2814,792,,,,
18-02-2011,2801,789,,,,
19-02-2011,2786,786,,,,
20-02-2011,2773,782,,,,
21-02-2011,2758,779,,,,
22-02-2011,2770,776,,,,
23-02-2011,2779,778,,,,
24-02-2011,2786,782,,,,
25-02-2011,2776,782,,,,
26-02-2011,2764,779,,,,
27-02-2011,2752,776,,,,
28-02-2011,2739,773,,,,
01-03-2011,2733,770,,,,
02-03-2011,2724,767,,,,
03-03-2011,2718,764,,,,
04-03-2011,2712,761,,,,
05-03-2011,2706,758,,,,
06-03-2011,2700,755,,,,
07-03-2011,2693,752,,,,
08-03-2011,2687,749,,,,
09-03-2011,2681,746,,,,
10-03-2011,2675,743,,,,
11-03-2011,2669,740,,,,
12-03-2011,2660,737,,,,
13-03-2011,2651,734,,,,
14-03-2011,2642,731,,,,
15-03-2011,2633,728,,,,
16-03-2011,2624,725,,,,
17-03-2011,2618,722,,,,
18-03-2011,2612,719,,,,
19-03-2011,2606,716,,,,
20-03-2011,2600,713,,,,
21-03-2011,2595,710,,,,
22-03-2011,2589,707,,,,
23-03-2011,2583,704,,,,
24-03-2011,2577,701,,,,
25-03-2011,2571,698,,,,
26-03-2011,2565,695,,,,
27-03-2011,2559,692,,,,
28-03-2011,2553,689,,,,
29-03-2011,2547,686,,,,
30-03-2011,2542,683,,,,
31-03-2011,2536,680,,,,
01-04-2011,2530,678,,,,
02-04-2011,2524,676,,,,
03-04-2011,2518,674,,,,
04-04-2011,2513,672,,,,
05-04-2011,2507,670,,,,
06-04-2011,2501,668,,,,
07-04-2011,2495,666,,,,
08-04-2011,2489,664,,,,
09-04-2011,2484,662,,,,
10-04-2011,2478,660,,,,
11-04-2011,2472,658,,,,
12-04-2011,2467,656,,,,
13-04-2011,2461,654,,,,
14-04-2011,2455,651,,,,
15-04-2011,2449,648,,,,
16-04-2011,2444,645,,,,
17-04-2011,2438,642,,,,
18-04-2011,2432,639,,,,
19-04-2011,2424,636,,,,
20-04-2011,2418,633,,,,
21-04-2011,2410,630,,,,
22-04-2011,2404,628,,,,
23-04-2011,2412,633,,,,
24-04-2011,2415,633,,,,
25-04-2011,2415,631,,,,
26-04-2011,2410,631,,,,
27-04-2011,2404,630,,,,
28-04-2011,2398,629,,,,
29-04-2011,2393,627,,,,
30-04-2011,2387,625,,,,
01-05-2011,2381,624,,,,
02-05-2011,2373,622,,,,
03-05-2011,2354,619,,,,
04-05-2011,2331,617,,,,
05-05-2011,2309,614,,,,
06-05-2011,2285,611,,,,
07-05-2011,2260,608,,,,
08-05-2011,2236,605,,,,
09-05-2011,2211,602,,,,
10-05-2011,2187,599,,,,
11-05-2011,2163,596,,,,
12-05-2011,2140,577,,,,
13-05-2011,2116,558,,,,
14-05-2011,2093,539,,,,
15-05-2011,2069,519,,,,
16-05-2011,2046,499,,,,
17-05-2011,2023,478,,,,
18-05-2011,2000,460,,,,
19-05-2011,1978,441,,,,
20-05-2011,1953,424,,,,
21-05-2011,1936,411,,,,
22-05-2011,1916,393,,,,
23-05-2011,1894,376,,,,
24-05-2011,1872,357,,,,
25-05-2011,1850,338,,,,
26-05-2011,1826,324,,,,
27-05-2011,1805,305,,,,
28-05-2011,1784,286,,,,
29-05-2011,1763,267,,,,
30-05-2011,1742,250,,,,
31-05-2011,1721,233,,,,
01-06-2011,1700,218,,,,
02-06-2011,1703,207,,,,
03-06-2011,1680,207,,,,
04-06-2011,1657,191,,,,
05-06-2011,1635,179,,,,
06-06-2011,1613,169,,,,
07-06-2011,1604,162,,,,
08-06-2011,1591,152,,,,
09-06-2011,1578,142,,,,
10-06-2011,1565,137,,,,
11-06-2011,1552,131,,,,
12-06-2011,1539,125,,,,
13-06-2011,1525,120,,,,
14-06-2011,1510,115,,,,
15-06-2011,1495,110,,,,
16-06-2011,1481,105,,,,
17-06-2011,1467,100,,,,
18-06-2011,1452,98,,,,
19-06-2011,1438,96,,,,
20-06-2011,1424,94,,,,
21-06-2011,1410,93,,,,
22-06-2011,1387,92,,,,
23-06-2011,1338,91,,,,
24-06-2011,1301,90,,,,
25-06-2011,1266,90,,,,
26-06-2011,1236,90,,,,
27-06-2011,1211,90,,,,
28-06-2011,1189,90,,,,
29-06-2011,1182,90,,,,
30-06-2011,1180,90,,,,
01-07-2011,1180,90,,,,
02-07-2011,1202,90,,,,
03-07-2011,1220,90,,,,
04-07-2011,1230,90,,,,
05-07-2011,1243,90,,,,
06-07-2011,1259,90,,,,
07-07-2011,1286,90,,,,
08-07-2011,1308,90,,,,
09-07-2011,1329,90,,,,
10-07-2011,1348,92,,,,
11-07-2011,1369,95,,,,
12-07-2011,1392,97,,,,
13-07-2011,1412,98,,,,
14-07-2011,1430,100,,,,
15-07-2011,1450,101,,,,
16-07-2011,1475,101,,,,
17-07-2011,1500,101,,,,
18-07-2011,1523,100,,,,
19-07-2011,1544,99,,,,
20-07-2011,1567,98,,,,
21-07-2011,1587,97,,,,
22-07-2011,1604,96,,,,
23-07-2011,1615,95,,,,
24-07-2011,1624,94,,,,
25-07-2011,1637,93,,,,
26-07-2011,1651,92,,,,
27-07-2011,1682,92,,,,
28-07-2011,1709,92,,,,
29-07-2011,1737,92,,,,
30-07-2011,1756,92,,,,
31-07-2011,1777,92,,,,
01-08-2011,1798,92,,,,
02-08-2011,1817,92,,,,
03-08-2011,1836,92,,,,
04-08-2011,1857,91,,,,
05-08-2011,1879,90,,,,
06-08-2011,1911,90,,,,
07-08-2011,1933,90,,,,
08-08-2011,1955,90,,,,
09-08-2011,1983,89,,,,
10-08-2011,2006,88,,,,
11-08-2011,2041,88,,,,
12-08-2011,2067,88,,,,
13-08-2011,2077,88,,,,
14-08-2011,2056,88,,,,
15-08-2011,2028,88,,,,
16-08-2011,2006,88,,,,
17-08-2011,1975,88,,,,
18-08-2011,1948,88,,,,
19-08-2011,1955,88,,,,
20-08-2011,1958,88,,,,
21-08-2011,2008,104,,,,
22-08-2011,2033,113,,,,
23-08-2011,2059,122,,,,
24-08-2011,2082,130,,,,
25-08-2011,2134,133,,,,
26-08-2011,2158,133,,,,
27-08-2011,2193,131,,,,
28-08-2011,2211,127,,,,
29-08-2011,2233,126,,,,
30-08-2011,2257,125,,,,
31-08-2011,2285,124,,,,
01-09-2011,2312,123,,,,
02-09-2011,2340,122,,,,
03-09-2011,2367,121,,,,
04-09-2011,2393,120,,,,
05-09-2011,2418,119,,,,
06-09-2011,2447,118,,,,
07-09-2011,2472,117,,,,
08-09-2011,2489,116,,,,
09-09-2011,2501,116,,,,
10-09-2011,2515,116,,,,
11-09-2011,2527,116,,,,
12-09-2011,2539,114,,,,
13-09-2011,2565,116,,,,
14-09-2011,2621,116,,,,
15-09-2011,2663,116,,,,
16-09-2011,2706,116,,,,
17-09-2011,2736,117,,,,
18-09-2011,2764,118,,,,
19-09-2011,2779,118,,,,
20-09-2011,2889,123,,,,
21-09-2011,2921,137,,,,
22-09-2011,2944,149,,,,
23-09-2011,2970,156,,,,
24-09-2011,2992,154,,,,
25-09-2011,3012,151,,,,
26-09-2011,3031,148,,,,
27-09-2011,3051,145,,,,
28-09-2011,3064,141,,,,
29-09-2011,3077,137,,,,
30-09-2011,3073,139,,,,
01-10-2011,3054,140,,,,
02-10-2011,3031,143,,,,
03-10-2011,3058,145,,,,
04-10-2011,3041,149,,,,
05-10-2011,3015,156,,,,
06-10-2011,2999,169,,,,
07-10-2011,2982,188,,,,
08-10-2011,2963,206,,,,
09-10-2011,2947,226,,,,
10-10-2011,2931,245,,,,
11-10-2011,2915,264,,,,
12-10-2011,2899,284,,,,
13-10-2011,2870,304,,,,
14-10-2011,2854,325,,,,
15-10-2011,2826,346,,,,
16-10-2011,2789,368,,,,
17-10-2011,2767,391,,,,
18-10-2011,2755,414,,,,
19-10-2011,2733,433,,,,
20-10-2011,2712,450,,,,
21-10-2011,2684,462,,,,
22-10-2011,2657,479,,,,
23-10-2011,2672,496,,,,
24-10-2011,2663,513,,,,
25-10-2011,2648,525,,,,
26-10-2011,2648,540,,,,
27-10-2011,2651,558,,,,
28-10-2011,2639,574,,,,
29-10-2011,2639,597,,,,
30-10-2011,2651,631,,,,
31-10-2011,2663,657,,,,
01-11-2011,2666,684,,,,
02-11-2011,2693,709,,,,
03-11-2011,2715,741,,,,
04-11-2011,2770,774,,,,
05-11-2011,2770,828,,,,
06-11-2011,2786,864,,,,
07-11-2011,2752,864,,,,
08-11-2011,2657,864,,,,
09-11-2011,2615,864,,,,
10-11-2011,2533,861,,,,
11-11-2011,2469,861,,,,
12-11-2011,2421,872,,,,
13-11-2011,2376,878,,,,
14-11-2011,2340,878,,,,
15-11-2011,2320,878,,,,
16-11-2011,2298,878,,,,
17-11-2011,2287,878,,,,
18-11-2011,2304,878,,,,
19-11-2011,2298,871,,,,
20-11-2011,2282,861,,,,
21-11-2011,2265,847,,,,
22-11-2011,2260,829,,,,
23-11-2011,2252,813,,,,
24-11-2011,2252,795,,,,
25-11-2011,2293,782,,,,
26-11-2011,2356,791,,,,
27-11-2011,2539,847,,,,
28-11-2011,2530,854,,,,
29-11-2011,2449,837,,,,
30-11-2011,2469,836,,,,
01-12-2011,2484,836,,,,
02-12-2011,2498,836,,,,
03-12-2011,2530,836,,,,
04-12-2011,2553,836,,,,
05-12-2011,2571,836,,,,
06-12-2011,2586,836,,,,
07-12-2011,2598,836,,,,
08-12-2011,2609,849,,,,
09-12-2011,2618,858,,,,
10-12-2011,2627,865,,,,
11-12-2011,2633,862,,,,
12-12-2011,2639,861,,,,
13-12-2011,2645,861,,,,
14-12-2011,2648,861,,,,
15-12-2011,2645,867,,,,
16-12-2011,2666,871,,,,
17-12-2011,2669,871,,,,
18-12-2011,2666,871,,,,
19-12-2011,2666,871,,,,
20-12-2011,2666,871,,,,
21-12-2011,2666,871,,,,
22-12-2011,2666,869,,,,
23-12-2011,2663,867,,,,
24-12-2011,2660,864,,,,
25-12-2011,2657,861,,,,
26-12-2011,2654,856,,,,
27-12-2011,2648,852,,,,
28-12-2011,2645,848,,,,
29-12-2011,2642,844,,,,
30-12-2011,2669,852,,,,
31-12-2011,2770,855,,,,
01-01-2012,2839,855,,,,
02-01-2012,2928,859,,,,
03-01-2012,2982,881,,,,
04-01-2012,3015,881,,,,
05-01-2012,3045,865,,,,
06-01-2012,3058,851,,,,
07-01-2012,3069,837,,,,
08-01-2012,3081,823,,,,
09-01-2012,3090,809,,,,
10-01-2012,3093,795,,,,
11-01-2012,3095,781,,,,
12-01-2012,3098,767,,,,
13-01-2012,3098,751,,,,
14-01-2012,3098,734,,,,
15-01-2012,3098,717,,,,
16-01-2012,3098,700,,,,
17-01-2012,3098,682,,,,
18-01-2012,3098,665,,,,
19-01-2012,3095,646,,,,
20-01-2012,3095,625,,,,
21-01-2012,3093,605,,,,
22-01-2012,3090,586,,,,
23-01-2012,3090,569,,,,
24-01-2012,3087,561,,,,
25-01-2012,3085,553,,,,
26-01-2012,3081,546,,,,
27-01-2012,3077,538,,,,
28-01-2012,3073,529,,,,
29-01-2012,3064,520,,,,
30-01-2012,3058,511,,,,
31-01-2012,3054,503,,,,
01-02-2012,3048,495,,,,
02-02-2012,3041,490,,,,
03-02-2012,3038,486,,,,
04-02-2012,3031,480,,,,
05-02-2012,3025,475,,,,
06-02-2012,3018,467,,,,
07-02-2012,3012,462,,,,
08-02-2012,3005,457,,,,
09-02-2012,2999,450,,,,
10-02-2012,2992,442,,,,
11-02-2012,2986,434,,,,
12-02-2012,2979,426,,,,
13-02-2012,2973,420,,,,
14-02-2012,2966,412,,,,
15-02-2012,2963,405,,,,
16-02-2012,2957,398,,,,
17-02-2012,2953,392,,,,
18-02-2012,2947,385,,,,
19-02-2012,2940,377,,,,
20-02-2012,2934,371,,,,
21-02-2012,2928,364,,,,
22-02-2012,2921,357,,,,
23-02-2012,2915,351,,,,
24-02-2012,2908,344,,,,
25-02-2012,2902,336,,,,
26-02-2012,2896,328,,,,
27-02-2012,2889,320,,,,
28-02-2012,2880,314,,,,
29-02-2012,2870,307,,,,
01-03-2012,2858,300,,,,
02-03-2012,2845,295,,,,
03-03-2012,2832,288,,,,
04-03-2012,2820,282,,,,
05-03-2012,2807,275,,,,
06-03-2012,2798,268,,,,
07-03-2012,2789,264,,,,
08-03-2012,2779,257,,,,
09-03-2012,2770,250,,,,
10-03-2012,2761,244,,,,
11-03-2012,2752,238,,,,
12-03-2012,2742,231,,,,
13-03-2012,2733,225,,,,
14-03-2012,2724,218,,,,
15-03-2012,2715,212,,,,
16-03-2012,2706,205,,,,
17-03-2012,2696,198,,,,
18-03-2012,2687,191,,,,
19-03-2012,2678,184,,,,
20-03-2012,2669,178,,,,
21-03-2012,2660,171,,,,
22-03-2012,2651,164,,,,
23-03-2012,2645,157,,,,
24-03-2012,2636,152,,,,
25-03-2012,2630,146,,,,
26-03-2012,2621,140,,,,
27-03-2012,2615,134,,,,
28-03-2012,2606,128,,,,
29-03-2012,2600,122,,,,
30-03-2012,2592,114,,,,
31-03-2012,2586,107,,,,
01-04-2012,2577,102,,,,
02-04-2012,2571,98,,,,
03-04-2012,2562,95,,,,
04-04-2012,2556,93,,,,
05-04-2012,2547,92,,,,
06-04-2012,2542,91,,,,
07-04-2012,2533,90,,,,
08-04-2012,2527,89,,,,
09-04-2012,2521,89,,,,
10-04-2012,2513,88,,,,
11-04-2012,2507,88,,,,
12-04-2012,2501,88,,,,
13-04-2012,2495,88,,,,
14-04-2012,2489,88,,,,
15-04-2012,2481,88,,,,
16-04-2012,2475,87,,,,
17-04-2012,2467,87,,,,
18-04-2012,2458,87,,,,
19-04-2012,2452,87,,,,
20-04-2012,2444,87,,,,
21-04-2012,2438,87,,,,
22-04-2012,2429,87,,,,
23-04-2012,2421,86,,,,
24-04-2012,2412,86,,,,
25-04-2012,2401,86,,,,
26-04-2012,2390,86,,,,
27-04-2012,2379,86,,,,
28-04-2012,2367,86,,,,
29-04-2012,2356,86,,,,
30-04-2012,2356,86,,,,
01-05-2012,2348,86,,,,
02-05-2012,2337,85,,,,
03-05-2012,2326,85,,,,
04-05-2012,2317,85,,,,
05-05-2012,2306,85,,,,
06-05-2012,2295,85,,,,
07-05-2012,2285,85,,,,
08-05-2012,2274,84,,,,
09-05-2012,2263,84,,,,
10-05-2012,2252,84,,,,
11-05-2012,2244,84,,,,
12-05-2012,2233,84,,,,
13-05-2012,2225,84,,,,
14-05-2012,2217,83,,,,
15-05-2012,2209,83,,,,
16-05-2012,2198,83,,,,
17-05-2012,2190,83,,,,
18-05-2012,2190,83,,,,
19-05-2012,2182,83,,,,
20-05-2012,2174,83,,,,
21-05-2012,2166,83,,,,
22-05-2012,2158,83,,,,
23-05-2012,2150,83,,,,
24-05-2012,2142,83,,,,
25-05-2012,2134,83,,,,
26-05-2012,2127,83,,,,
27-05-2012,2119,83,,,,
28-05-2012,2111,83,,,,
29-05-2012,2103,83,,,,
30-05-2012,2095,83,,,,
31-05-2012,2087,83,,,,
01-06-2012,2080,83,,,,
02-06-2012,2072,83,,,,
03-06-2012,2064,83,,,,
04-06-2012,2056,83,,,,
05-06-2012,2049,83,,,,
06-06-2012,2041,83,,,,
07-06-2012,2036,83,,,,
08-06-2012,2031,83,,,,
09-06-2012,2023,83,,,,
10-06-2012,2016,83,,,,
11-06-2012,2008,83,,,,
12-06-2012,2000,83,,,,
13-06-2012,1993,83,,,,
14-06-2012,1988,83,,,,
15-06-2012,1990,83,,,,
16-06-2012,1995,83,,,,
17-06-2012,1998,83,,,,
18-06-2012,1985,83,,,,
19-06-2012,1975,83,,,,
20-06-2012,1950,83,,,,
21-06-2012,1931,83,,,,
22-06-2012,1906,83,,,,
23-06-2012,1882,83,,,,
24-06-2012,1857,83,,,,
25-06-2012,1833,83,,,,
26-06-2012,1810,83,,,,
27-06-2012,1788,83,,,,
28-06-2012,1767,83,,,,
29-06-2012,1742,85,,,,
30-06-2012,1721,85,,,,
01-07-2012,1705,85,,,,
02-07-2012,1675,85,,,,
03-07-2012,1635,85,,,,
04-07-2012,1595,85,,,,
05-07-2012,1557,85,,,,
06-07-2012,1518,85,,,,
07-07-2012,1481,85,,,,
08-07-2012,1444,85,,,,
09-07-2012,1408,85,,,,
10-07-2012,1371,85,,,,
11-07-2012,1497,85,,,,
12-07-2012,1469,85,,,,
13-07-2012,1430,85,,,,
14-07-2012,1396,85,,,,
15-07-2012,1424,85,,,,
16-07-2012,1418,85,,,,
17-07-2012,1385,85,,,,
18-07-2012,1373,85,,,,
19-07-2012,1342,85,,,,
20-07-2012,1310,85,,,,
21-07-2012,1279,85,,,,
22-07-2012,1248,85,,,,
23-07-2012,1216,85,,,,
24-07-2012,1185,85,,,,
25-07-2012,1155,85,,,,
26-07-2012,1128,85,,,,
27-07-2012,1095,85,,,,
28-07-2012,1062,85,,,,
29-07-2012,1032,85,,,,
30-07-2012,1001,85,,,,
31-07-2012,969,85,,,,
01-08-2012,940,85,,,,
02-08-2012,914,85,,,,
03-08-2012,888,85,,,,
04-08-2012,888,85,,,,
05-08-2012,863,85,,,,
06-08-2012,839,85,,,,
07-08-2012,819,85,,,,
08-08-2012,799,85,,,,
09-08-2012,909,85,,,,
10-08-2012,909,85,,,,
11-08-2012,888,85,,,,
12-08-2012,868,85,,,,
13-08-2012,849,85,,,,
14-08-2012,837,85,,,,
15-08-2012,832,85,,,,
16-08-2012,832,85,,,,
17-08-2012,825,85,,,,
18-08-2012,804,85,,,,
19-08-2012,782,85,,,,
20-08-2012,760,85,,,,
21-08-2012,734,85,,,,
22-08-2012,707,85,,,,
23-08-2012,683,85,,,,
24-08-2012,661,85,,,,
25-08-2012,636,85,,,,
26-08-2012,689,85,,,,
27-08-2012,664,85,,,,
28-08-2012,637,85,,,,
29-08-2012,644,85,,,,
30-08-2012,617,85,,,,
31-08-2012,635,85,,,,
01-09-2012,614,85,,,,
02-09-2012,595,85,,,,
03-09-2012,606,85,,,,
04-09-2012,600,85,,,,
05-09-2012,593,85,,,,
06-09-2012,587,85,,,,
07-09-2012,579,85,,,,
08-09-2012,635,86,,,,
09-09-2012,628,88,,,,
10-09-2012,619,88,,,,
11-09-2012,622,88,,,,
12-09-2012,618,88,,,,
13-09-2012,622,89,,,,
14-09-2012,649,90,,,,
15-09-2012,670,91,,,,
16-09-2012,678,91,,,,
17-09-2012,685,91,,,,
18-09-2012,681,91,,,,
19-09-2012,677,91,,,,
20-09-2012,673,91,,,,
21-09-2012,685,91,,,,
22-09-2012,679,91,,,,
23-09-2012,671,91,,,,
24-09-2012,664,91,,,,
25-09-2012,656,91,,,,
26-09-2012,646,91,,,,
27-09-2012,639,93,,,,
28-09-2012,631,93,,,,
29-09-2012,622,93,,,,
30-09-2012,606,93,,,,
01-10-2012,593,93,,,,
02-10-2012,588,93,,,,
03-10-2012,583,93,,,,
04-10-2012,578,93,,,,
05-10-2012,573,93,,,,
06-10-2012,568,93,,,,
07-10-2012,607,93,,,,
08-10-2012,598,93,,,,
09-10-2012,589,93,,,,
10-10-2012,579,93,,,,
11-10-2012,568,93,,,,
12-10-2012,556,93,,,,
13-10-2012,545,93,,,,
14-10-2012,533,93,,,,
15-10-2012,546,93,,,,
16-10-2012,535,93,,,,
17-10-2012,524,93,,,,
18-10-2012,524,93,,,,
19-10-2012,540,96,,,,
20-10-2012,579,101,,,,
21-10-2012,627,124,,,,
22-10-2012,656,155,,,,
23-10-2012,670,178,,,,
24-10-2012,679,190,,,,
25-10-2012,679,193,,,,
26-10-2012,674,195,,,,
27-10-2012,668,195,,,,
28-10-2012,661,195,,,,
29-10-2012,653,195,,,,
30-10-2012,645,195,,,,
31-10-2012,664,202,,,,
01-11-2012,695,218,,,,
02-11-2012,713,226,,,,
03-11-2012,749,239,,,,
04-11-2012,829,277,,,,
05-11-2012,888,322,,,,
06-11-2012,917,338,,,,
07-11-2012,941,345,,,,
08-11-2012,950,349,,,,
09-11-2012,950,349,,,,
10-11-2012,948,349,,,,
11-11-2012,948,347,,,,
12-11-2012,951,347,,,,
13-11-2012,951,346,,,,
14-11-2012,951,345,,,,
15-11-2012,945,344,,,,
16-11-2012,940,344,,,,
17-11-2012,932,342,,,,
18-11-2012,924,341,,,,
19-11-2012,914,340,,,,
20-11-2012,905,339,,,,
21-11-2012,897,338,,,,
22-11-2012,890,337,,,,
23-11-2012,888,337,,,,
24-11-2012,882,336,,,,
25-11-2012,874,335,,,,
26-11-2012,864,334,,,,
27-11-2012,853,333,,,,
28-11-2012,840,332,,,,
29-11-2012,828,331,,,,
30-11-2012,812,330,,,,
01-12-2012,796,329,,,,
02-12-2012,781,328,,,,
03-12-2012,782,331,,,,
04-12-2012,917,346,,,,
05-12-2012,1056,368,,,,
06-12-2012,1173,398,,,,
07-12-2012,1268,418,,,,
08-12-2012,1333,435,,,,
09-12-2012,1373,452,,,,
10-12-2012,1396,461,,,,
11-12-2012,1416,468,,,,
12-12-2012,1432,471,,,,
13-12-2012,1446,473,,,,
14-12-2012,1458,471,,,,
15-12-2012,1464,469,,,,
16-12-2012,1467,467,,,,
17-12-2012,1469,465,,,,
18-12-2012,1471,463,,,,
19-12-2012,1473,462,,,,
20-12-2012,1473,461,,,,
21-12-2012,1473,461,,,,
22-12-2012,1473,460,,,,
23-12-2012,1473,460,,,,
24-12-2012,1032,537,,,,
25-12-2012,1473,459,,,,
26-12-2012,1473,459,,,,
27-12-2012,1473,458,,,,
28-12-2012,1473,458,,,,
29-12-2012,1473,458,,,,
30-12-2012,1504,471,,,,
31-12-2012,1518,471,,,,
01-01-2013,1520,471,,,,
02-01-2013,1523,471,,,,
03-01-2013,1525,471,,,,
04-01-2013,1527,471,,,,
05-01-2013,1529,471,,,,
06-01-2013,1537,471,,,,
07-01-2013,1542,471,,,,
08-01-2013,1544,470,,,,
09-01-2013,1542,470,,,,
10-01-2013,1539,470,,,,
11-01-2013,1535,468,,,,
12-01-2013,1529,467,,,,
13-01-2013,1523,467,,,,
14-01-2013,1516,466,,,,
15-01-2013,1510,465,,,,
16-01-2013,1504,464,,,,
17-01-2013,1500,462,,,,
18-01-2013,1495,460,,,,
19-01-2013,1491,458,,,,
20-01-2013,1487,456,,,,
21-01-2013,1481,454,,,,
22-01-2013,1475,452,,,,
23-01-2013,1469,450,,,,
24-01-2013,1462,448,,,,
25-01-2013,1456,446,,,,
26-01-2013,1448,444,,,,
27-01-2013,1440,444,,,,
28-01-2013,1430,443,,,,
29-01-2013,1418,442,,,,
30-01-2013,1406,423,,,,
31-01-2013,1381,413,,,,
01-02-2013,1359,398,,,,
02-02-2013,1338,379,,,,
03-02-2013,1316,360,,,,
04-02-2013,1293,342,,,,
05-02-2013,1272,323,,,,
06-02-2013,1250,304,,,,
07-02-2013,1232,285,,,,
08-02-2013,1213,267,,,,
09-02-2013,1195,249,,,,
10-02-2013,1177,230,,,,
11-02-2013,1160,211,,,,
12-02-2013,1143,196,,,,
13-02-2013,1124,184,,,,
14-02-2013,1104,172,,,,
15-02-2013,1084,159,,,,
16-02-2013,1067,145,,,,
17-02-2013,1103,135,,,,
18-02-2013,1127,131,,,,
19-02-2013,1138,123,,,,
20-02-2013,1128,117,,,,
21-02-2013,1116,109,,,,
22-02-2013,1104,112,,,,
23-02-2013,1090,98,,,,
24-02-2013,1077,95,,,,
25-02-2013,1062,93,,,,
26-02-2013,1045,92,,,,
27-02-2013,1027,91,,,,
28-02-2013,1007,90,,,,
01-03-2013,986,89,,,,
02-03-2013,966,88,,,,
03-03-2013,944,87,,,,
04-03-2013,919,86,,,,
05-03-2013,894,85,,,,
06-03-2013,868,84,,,,
07-03-2013,891,84,,,,
08-03-2013,871,84,,,,
09-03-2013,850,83,,,,
10-03-2013,829,82,,,,
11-03-2013,807,81,,,,
12-03-2013,786,81,,,,
13-03-2013,786,81,,,,
14-03-2013,741,81,,,,
15-03-2013,718,81,,,,
16-03-2013,697,81,,,,
17-03-2013,679,81,,,,
18-03-2013,661,81,,,,
19-03-2013,641,81,,,,
20-03-2013,617,80,,,,
21-03-2013,593,80,,,,
22-03-2013,572,80,,,,
23-03-2013,553,79,,,,
24-03-2013,534,79,,,,
25-03-2013,512,79,,,,
26-03-2013,491,78,,,,
27-03-2013,469,78,,,,
28-03-2013,446,77,,,,
29-03-2013,425,77,,,,
30-03-2013,401,76,,,,
31-03-2013,406,76,,,,
01-04-2013,411,75,,,,
02-04-2013,416,75,,,,
03-04-2013,422,74,,,,
04-04-2013,427,74,,,,
05-04-2013,432,73,,,,
06-04-2013,437,73,,,,
07-04-2013,441,72,,,,
08-04-2013,444,72,,,,
09-04-2013,446,71,,,,
10-04-2013,446,71,,,,
11-04-2013,445,70,,,,
12-04-2013,444,70,,,,
13-04-2013,443,69,,,,
14-04-2013,441,69,,,,
15-04-2013,439,68,,,,
16-04-2013,437,68,,,,
17-04-2013,434,67,,,,
18-04-2013,432,66,,,,
19-04-2013,430,64,,,,
20-04-2013,428,63,,,,
21-04-2013,426,61,,,,
22-04-2013,423,59,,,,
23-04-2013,421,57,,,,
24-04-2013,419,55,,,,
25-04-2013,417,53,,,,
26-04-2013,415,51,,,,
27-04-2013,412,49,,,,
28-04-2013,410,47,,,,
29-04-2013,408,45,,,,
30-04-2013,406,43,,,,
01-05-2013,404,41,,,,
02-05-2013,401,39,,,,
03-05-2013,399,37,,,,
04-05-2013,397,35,,,,
05-05-2013,395,33,,,,
06-05-2013,393,31,,,,
07-05-2013,391,29,,,,
08-05-2013,388,27,,,,
09-05-2013,386,26,,,,
10-05-2013,384,24,,,,
11-05-2013,382,22,,,,
12-05-2013,380,20,,,,
13-05-2013,378,18,,,,
14-05-2013,376,16,,,,
15-05-2013,373,14,,,,
16-05-2013,371,12,,,,
17-05-2013,369,10,,,,
18-05-2013,367,8,,,,
19-05-2013,365,6,,,,
20-05-2013,363,4,,,,
21-05-2013,361,2,,,,
22-05-2013,359,0,,,,
23-05-2013,356,0,,,,
24-05-2013,354,0,,,,
25-05-2013,352,0,,,,
26-05-2013,349,0,,,,
27-05-2013,347,0,,,,
28-05-2013,345,0,,,,
29-05-2013,343,0,,,,
30-05-2013,341,0,,,,
31-05-2013,339,0,,,,
01-06-2013,337,0,,,,
02-06-2013,335,0,,,,
03-06-2013,333,0,,,,
04-06-2013,331,0,,,,
05-06-2013,329,0,,,,
06-06-2013,327,0,,,,
07-06-2013,325,0,,,,
08-06-2013,323,0,,,,
09-06-2013,321,0,,,,
10-06-2013,319,0,,,,
11-06-2013,317,0,,,,
12-06-2013,315,0,,,,
13-06-2013,312,0,,,,
14-06-2013,309,0,,,,
15-06-2013,305,0,,,,
16-06-2013,301,0,,,,
17-06-2013,296,0,,,,
18-06-2013,291,0,,,,
19-06-2013,286,0,,,,
20-06-2013,282,0,,,,
21-06-2013,277,0,,,,
22-06-2013,271,0,,,,
23-06-2013,265,0,,,,
24-06-2013,259,0,,,,
25-06-2013,253,0,,,,
26-06-2013,247,0,,,,
27-06-2013,241,0,,,,
28-06-2013,235,0,,,,
29-06-2013,229,0,,,,
30-06-2013,224,0,,,,
01-07-2013,219,0,,,,
02-07-2013,214,0,,,,
03-07-2013,209,0,,,,
04-07-2013,205,0,,,,
05-07-2013,201,0,,,,
06-07-2013,199,0,,,,
07-07-2013,197,0,,,,
08-07-2013,195,0,,,,
09-07-2013,187,0,,,,
10-07-2013,177,0,,,,
11-07-2013,176,0,,,,
12-07-2013,170,0,,,,
13-07-2013,167,0,,,,
14-07-2013,165,0,,,,
15-07-2013,158,0,,,,
16-07-2013,160,0,,,,
17-07-2013,150,0,,,,
18-07-2013,145,0,,,,
19-07-2013,139,0,,,,
20-07-2013,139,0,,,,
21-07-2013,133,0,,,,
22-07-2013,135,0,,,,
23-07-2013,146,0,,,,
24-07-2013,158,0,,,,
25-07-2013,163,0,,,,
26-07-2013,168,0,,,,
27-07-2013,174,0,,,,
28-07-2013,180,0,,,,
29-07-2013,186,0,,,,
30-07-2013,192,0,,,,
31-07-2013,197,0,,,,
01-08-2013,198,0,,,,
02-08-2013,199,0,,,,
03-08-2013,200,0,,,,
04-08-2013,205,0,,,,
05-08-2013,201,0,,,,
06-08-2013,191,0,,,,
07-08-2013,187,0,,,,
08-08-2013,185,0,,,,
09-08-2013,184,0,,,,
10-08-2013,188,0,,,,
11-08-2013,190,0,,,,
12-08-2013,197,0,,,,
13-08-2013,201,0,,,,
14-08-2013,210,0,,,,
15-08-2013,247,0,,,,
16-08-2013,260,0,,,,
17-08-2013,286,0,,,,
18-08-2013,295,0,,,,
19-08-2013,300,0,,,,
20-08-2013,306,0,,,,
21-08-2013,309,0,,,,
22-08-2013,311,0,,,,
23-08-2013,313,0,,,,
24-08-2013,315,0,,,,
25-08-2013,315,0,,,,
26-08-2013,315,0,,,,
27-08-2013,315,0,,,,
28-08-2013,310,0,,,,
29-08-2013,300,0,,,,
30-08-2013,317,0,,,,
31-08-2013,312,0,,,,
01-09-2013,307,0,,,,
02-09-2013,301,0,,,,
03-09-2013,298,0,,,,
04-09-2013,322,0,,,,
05-09-2013,327,0,,,,
06-09-2013,322,0,,,,
07-09-2013,315,0,,,,
08-09-2013,307,0,,,,
09-09-2013,298,0,,,,
10-09-2013,289,0,,,,
11-09-2013,319,0,,,,
12-09-2013,357,0,,,,
13-09-2013,380,0,,,,
14-09-2013,402,0,,,,
15-09-2013,411,0,,,,
16-09-2013,409,0,,,,
17-09-2013,404,0,,,,
18-09-2013,398,0,,,,
19-09-2013,402,0,,,,
20-09-2013,400,0,,,,
21-09-2013,395,0,,,,
22-09-2013,395,0,,,,
23-09-2013,389,0,,,,
24-09-2013,378,0,,,,
25-09-2013,367,0,,,,
26-09-2013,359,0,,,,
27-09-2013,351,0,,,,
28-09-2013,348,0,,,,
29-09-2013,343,0,,,,
30-09-2013,334,0,,,,
01-10-2013,329,0,,,,
02-10-2013,319,0,,,,
03-10-2013,309,0,,,,
04-10-2013,308,0,,,,
05-10-2013,297,0,,,,
06-10-2013,285,0,,,,
07-10-2013,273,0,,,,
08-10-2013,263,26,,,,
09-10-2013,251,26,,,,
10-10-2013,259,26,,,,
11-10-2013,257,30,,,,
12-10-2013,251,32,,,,
13-10-2013,240,34,,,,
14-10-2013,230,36,,,,
15-10-2013,220,51,,,,
16-10-2013,209,55,,,,
17-10-2013,202,55,,,,
18-10-2013,197,55,,,,
19-10-2013,188,55,,,,
20-10-2013,188,59,,,,
21-10-2013,200,66,,,,
22-10-2013,225,75,,,,
23-10-2013,239,85,,,,
24-10-2013,249,92,,,,
25-10-2013,251,96,,,,
26-10-2013,298,102,,,,
27-10-2013,337,115,,,,
28-10-2013,384,123,,,,
29-10-2013,428,129,,,,
30-10-2013,452,133,,,,
31-10-2013,455,136,,,,
01-11-2013,457,142,,,,
02-11-2013,454,145,,,,
03-11-2013,445,150,,,,
04-11-2013,434,155,,,,
05-11-2013,683,173,,,,
06-11-2013,413,161,,,,
07-11-2013,402,163,,,,
08-11-2013,392,163,,,,
09-11-2013,382,163,,,,
10-11-2013,374,163,,,,
11-11-2013,364,162,,,,
12-11-2013,357,162,,,,
13-11-2013,349,162,,,,
14-11-2013,341,161,,,,
15-11-2013,334,161,,,,
16-11-2013,322,161,,,,
17-11-2013,376,163,,,,
18-11-2013,550,165,,,,
19-11-2013,653,165,,,,
20-11-2013,709,165,,,,
21-11-2013,729,165,,,,
22-11-2013,733,165,,,,
23-11-2013,730,165,,,,
24-11-2013,725,168,,,,
25-11-2013,747,171,,,,
26-11-2013,757,171,,,,
27-11-2013,764,171,,,,
28-11-2013,770,171,,,,
29-11-2013,763,171,,,,
30-11-2013,753,170,,,,
01-12-2013,747,170,,,,
02-12-2013,737,173,,,,
03-12-2013,724,173,,,,
04-12-2013,705,173,,,,
05-12-2013,683,173,,,,
06-12-2013,664,173,,,,
07-12-2013,644,173,,,,
08-12-2013,623,173,,,,
09-12-2013,601,173,,,,
10-12-2013,575,173,,,,
11-12-2013,550,173,,,,
12-12-2013,530,173,,,,
13-12-2013,515,173,,,,
14-12-2013,493,173,,,,
15-12-2013,470,173,,,,
16-12-2013,449,173,,,,
17-12-2013,427,173,,,,
18-12-2013,405,173,,,,
19-12-2013,381,173,,,,
20-12-2013,359,173,,,,
21-12-2013,335,173,,,,
22-12-2013,311,172,,,,
23-12-2013,287,172,,,,
24-12-2013,270,172,,,,
25-12-2013,251,172,,,,
26-12-2013,232,172,,,,
27-12-2013,214,172,,,,
28-12-2013,199,171,,,,
29-12-2013,184,171,,,,
30-12-2013,172,171,,,,
31-12-2013,160,171,,,,
01-01-2014,147,170,,,,
02-01-2014,138,169,,,,
03-01-2014,129,169,,,,
04-01-2014,122,169,,,,
05-01-2014,460,123,,,,
06-01-2014,111,168,,,,
07-01-2014,107,168,,,,
08-01-2014,104,167,,,,
09-01-2014,101,167,,,,
10-01-2014,98,161,,,,
11-01-2014,96,152,,,,
12-01-2014,94,144,,,,
13-01-2014,93,135,,,,
14-01-2014,95,129,,,,
15-01-2014,100,123,,,,
16-01-2014,104,118,,,,
17-01-2014,109,113,,,,
18-01-2014,117,109,,,,
19-01-2014,123,106,,,,
20-01-2014,129,103,,,,
21-01-2014,134,101,,,,
22-01-2014,138,100,,,,
23-01-2014,147,99,,,,
24-01-2014,158,98,,,,
25-01-2014,165,97,,,,
26-01-2014,174,97,,,,
27-01-2014,187,96,,,,
28-01-2014,202,96,,,,
29-01-2014,218,95,,,,
30-01-2014,232,95,,,,
31-01-2014,244,94,,,,
01-02-2014,254,94,,,,
02-02-2014,268,93,,,,
03-02-2014,287,93,,,,
04-02-2014,308,92,,,,
05-02-2014,336,92,,,,
06-02-2014,428,2,,,,
07-02-2014,415,91,,,,
08-02-2014,454,90,,,,
09-02-2014,484,90,,,,
10-02-2014,515,89,,,,
11-02-2014,545,89,,,,
12-02-2014,565,88,,,,
13-02-2014,566,87,,,,
14-02-2014,568,87,,,,
15-02-2014,574,86,,,,
16-02-2014,583,85,,,,
17-02-2014,593,85,,,,
18-02-2014,598,84,,,,
19-02-2014,598,84,,,,
20-02-2014,592,83,,,,
21-02-2014,586,83,,,,
22-02-2014,580,82,,,,
23-02-2014,575,82,,,,
24-02-2014,570,81,,,,
25-02-2014,559,80,,,,
26-02-2014,549,80,,,,
27-02-2014,540,79,,,,
28-02-2014,533,79,,,,
01-03-2014,526,79,,,,
02-03-2014,515,79,,,,
03-03-2014,506,78,,,,
04-03-2014,506,78,,,,
05-03-2014,506,78,,,,
06-03-2014,506,77,,,,
07-03-2014,496,77,,,,
08-03-2014,483,77,,,,
09-03-2014,468,77,,,,
10-03-2014,452,76,,,,
11-03-2014,433,76,,,,
12-03-2014,396,76,,,,
13-03-2014,366,75,,,,
14-03-2014,342,75,,,,
15-03-2014,318,75,,,,
16-03-2014,290,75,,,,
17-03-2014,270,74,,,,
18-03-2014,251,73,,,,
19-03-2014,232,72,,,,
20-03-2014,213,70,,,,
21-03-2014,194,69,,,,
22-03-2014,175,67,,,,
23-03-2014,175,67,,,,
24-03-2014,141,64,,,,
25-03-2014,128,63,,,,
26-03-2014,122,61,,,,
27-03-2014,116,60,,,,
28-03-2014,110,58,,,,
29-03-2014,104,56,,,,
30-03-2014,100,55,,,,
31-03-2014,96,53,,,,
01-04-2014,93,52,,,,
02-04-2014,100,50,,,,
03-04-2014,106,49,,,,
04-04-2014,114,47,,,,
05-04-2014,125,46,,,,
06-04-2014,137,44,,,,
07-04-2014,150,43,,,,
08-04-2014,163,41,,,,
09-04-2014,177,40,,,,
10-04-2014,195,38,,,,
11-04-2014,212,37,,,,
12-04-2014,234,35,,,,
13-04-2014,235,34,,,,
14-04-2014,236,32,,,,
15-04-2014,232,31,,,,
16-04-2014,227,29,,,,
17-04-2014,223,28,,,,
18-04-2014,220,26,,,,
19-04-2014,220,25,,,,
20-04-2014,225,23,,,,
21-04-2014,230,22,,,,
22-04-2014,234,20,,,,
23-04-2014,242,19,,,,
24-04-2014,261,17,,,,
25-04-2014,264,16,,,,
26-04-2014,268,14,,,,
27-04-2014,268,13,,,,
28-04-2014,270,11,,,,
29-04-2014,277,10,,,,
30-04-2014,286,8,,,,
01-05-2014,294,7,,,,
02-05-2014,300,6,,,,
03-05-2014,307,5,,,,
04-05-2014,316,4,,,,
05-05-2014,338,4,,,,
06-05-2014,348,3,,,,
07-05-2014,364,3,,,,
08-05-2014,386,3,,,,
09-05-2014,401,3,,,,
10-05-2014,409,3,,,,
11-05-2014,415,3,,,,
12-05-2014,422,3,,,,
13-05-2014,425,3,,,,
14-05-2014,423,3,,,,
15-05-2014,426,3,,,,
16-05-2014,430,3,,,,
17-05-2014,433,3,,,,
18-05-2014,433,3,,,,
19-05-2014,432,3,,,,
20-05-2014,436,3,,,,
21-05-2014,444,3,,,,
22-05-2014,453,3,,,,
23-05-2014,453,3,,,,
24-05-2014,455,3,,,,
25-05-2014,454,3,,,,
26-05-2014,454,3,,,,
27-05-2014,451,3,,,,
28-05-2014,446,3,,,,
29-05-2014,440,3,,,,
30-05-2014,427,3,,,,
31-05-2014,427,3,,,,
01-06-2014,429,3,,,,
02-06-2014,428,2,,,,
03-06-2014,423,2,,,,
04-06-2014,413,2,,,,
05-06-2014,407,2,,,,
06-06-2014,395,2,,,,
07-06-2014,383,2,,,,
08-06-2014,366,2,,,,
09-06-2014,353,2,,,,
10-06-2014,336,2,,,,
11-06-2014,317,2,,,,
12-06-2014,295,2,,,,
13-06-2014,275,2,,,,
14-06-2014,255,2,,,,
15-06-2014,238,1,,,,
16-06-2014,226,1,,,,
17-06-2014,213,0,,,,
18-06-2014,199,0,,,,
19-06-2014,185,0,,,,
20-06-2014,170,0,,,,
21-06-2014,158,0,,,,
22-06-2014,149,0,,,,
23-06-2014,140,0,,,,
24-06-2014,131,0,,,,
25-06-2014,126,0,,,,
26-06-2014,121,0,,,,
27-06-2014,116,0,,,,
28-06-2014,112,0,,,,
29-06-2014,109,0,,,,
30-06-2014,106,0,,,,
01-07-2014,105,0,,,,
02-07-2014,104,0,,,,
03-07-2014,103,0,,,,
04-07-2014,102,0,,,,
05-07-2014,100,0,,,,
06-07-2014,114,0,,,,
07-07-2014,115,0,,,,
08-07-2014,112,0,,,,
09-07-2014,109,0,,,,
10-07-2014,106,0,,,,
11-07-2014,106,0,,,,
12-07-2014,104,0,,,,
13-07-2014,103,0,,,,
14-07-2014,102,0,,,,
15-07-2014,101,0,,,,
16-07-2014,100,0,,,,
17-07-2014,98,0,,,,
18-07-2014,97,0,,,,
19-07-2014,96,0,,,,
20-07-2014,95,0,,,,
21-07-2014,94,0,,,,
22-07-2014,93,0,,,,
23-07-2014,92,0,,,,
24-07-2014,91,0,,,,
25-07-2014,90,0,,,,
26-07-2014,89,0,,,,
27-07-2014,88,0,,,,
28-07-2014,86,0,,,,
29-07-2014,84,0,,,,
30-07-2014,83,0,,,,
31-07-2014,82,0,,,,
01-08-2014,81,0,,,,
02-08-2014,80,0,,,,
03-08-2014,79,0,,,,
04-08-2014,78,0,,,,
05-08-2014,76,0,,,,
06-08-2014,75,0,,,,
07-08-2014,91,0,,,,
08-08-2014,116,0,,,,
09-08-2014,141,0,,,,
10-08-2014,167,0,,,,
11-08-2014,192,0,,,,
12-08-2014,265,0,,,,
13-08-2014,307,0,,,,
14-08-2014,347,0,,,,
15-08-2014,384,0,,,,
16-08-2014,431,0,,,,
17-08-2014,454,0,,,,
18-08-2014,470,0,,,,
19-08-2014,488,0,,,,
20-08-2014,496,0,,,,
21-08-2014,511,0,,,,
22-08-2014,523,0,,,,
23-08-2014,519,0,,,,
24-08-2014,517,0,,,,
25-08-2014,556,0,,,,
26-08-2014,563,0,,,,
27-08-2014,566,0,,,,
28-08-2014,574,0,,,,
29-08-2014,578,0,,,,
30-08-2014,578,0,,,,
31-08-2014,575,0,,,,
01-09-2014,574,0,,,,
02-09-2014,596,0,,,,
03-09-2014,593,0,,,,
04-09-2014,604,0,,,,
05-09-2014,606,0,,,,
06-09-2014,626,0,,,,
07-09-2014,640,0,,,,
08-09-2014,653,0,,,,
09-09-2014,664,0,,,,
10-09-2014,671,0,,,,
11-09-2014,679,0,,,,
12-09-2014,682,0,,,,
13-09-2014,689,0,,,,
14-09-2014,685,0,,,,
15-09-2014,679,0,,,,
16-09-2014,679,0,,,,
17-09-2014,658,0,,,,
18-09-2014,635,0,,,,
19-09-2014,617,0,,,,
20-09-2014,593,0,,,,
21-09-2014,569,0,,,,
22-09-2014,575,0,,,,
23-09-2014,565,0,,,,
24-09-2014,555,0,,,,
25-09-2014,531,0,,,,
26-09-2014,507,0,,,,
27-09-2014,497,0,,,,
28-09-2014,480,0,,,,
29-09-2014,456,0,,,,
30-09-2014,433,0,,,,
01-10-2014,410,0,,,,
02-10-2014,387,0,,,,
03-10-2014,365,0,,,,
04-10-2014,344,0,,,,
05-10-2014,323,0,,,,
06-10-2014,302,0,,,,
07-10-2014,285,0,,,,
08-10-2014,270,0,,,,
09-10-2014,251,0,,,,
10-10-2014,232,0,,,,
11-10-2014,213,0,,,,
12-10-2014,196,0,,,,
13-10-2014,179,0,,,,
14-10-2014,162,0,,,,
15-10-2014,148,0,,,,
16-10-2014,134,0,,,,
17-10-2014,122,0,,,,
18-10-2014,122,0,,,,
19-10-2014,185,0,,,,
20-10-2014,208,0,,,,
21-10-2014,225,0,,,,
22-10-2014,223,0,,,,
23-10-2014,220,0,,,,
24-10-2014,234,0,,,,
25-10-2014,249,15,,,,
26-10-2014,262,30,,,,
27-10-2014,273,42,,,,
28-10-2014,279,46,,,,
29-10-2014,281,46,,,,
30-10-2014,281,46,,,,
31-10-2014,280,46,,,,
01-11-2014,286,46,,,,
02-11-2014,281,49,,,,
03-11-2014,277,52,,,,
04-11-2014,273,52,,,,
05-11-2014,270,52,,,,
06-11-2014,267,52,,,,
07-11-2014,275,52,,,,
08-11-2014,277,52,,,,
09-11-2014,276,52,,,,
10-11-2014,274,52,,,,
11-11-2014,271,52,,,,
12-11-2014,267,52,,,,
13-11-2014,334,58,,,,
14-11-2014,373,61,,,,
15-11-2014,392,61,,,,
16-11-2014,400,61,,,,
17-11-2014,406,61,,,,
18-11-2014,406,61,,,,
19-11-2014,400,61,,,,
20-11-2014,391,61,,,,
21-11-2014,380,61,,,,
22-11-2014,372,61,,,,
23-11-2014,362,61,,,,
24-11-2014,354,61,,,,
25-11-2014,345,61,,,,
26-11-2014,336,61,,,,
27-11-2014,326,61,,,,
28-11-2014,317,61,,,,
29-11-2014,306,61,,,,
30-11-2014,294,61,,,,
01-12-2014,280,61,,,,
02-12-2014,267,61,,,,
03-12-2014,255,61,,,,
04-12-2014,241,61,,,,
05-12-2014,225,61,,,,
06-12-2014,212,61,,,,
07-12-2014,200,61,,,,
08-12-2014,189,61,,,,
09-12-2014,178,61,,,,
10-12-2014,176,61,,,,
11-12-2014,182,69,,,,
12-12-2014,187,77,,,,
13-12-2014,196,83,,,,
14-12-2014,298,91,,,,
15-12-2014,332,99,,,,
16-12-2014,342,104,,,,
17-12-2014,354,108,,,,
18-12-2014,365,110,,,,
19-12-2014,374,110,,,,
20-12-2014,384,110,,,,
21-12-2014,391,110,,,,
22-12-2014,393,110,,,,
23-12-2014,399,110,,,,
24-12-2014,405,110,,,,
25-12-2014,413,110,,,,
26-12-2014,422,110,,,,
27-12-2014,431,110,,,,
28-12-2014,436,110,,,,
29-12-2014,445,110,,,,
30-12-2014,473,121,,,,
31-12-2014,485,123,,,,
01-01-2015,487,123,,,,
02-01-2015,481,123,,,,
03-01-2015,476,123,,,,
04-01-2015,470,123,,,,
05-01-2015,460,123,,,,
06-01-2015,449,123,,,,
07-01-2015,438,123,,,,
08-01-2015,427,123,,,,
09-01-2015,415,123,,,,
10-01-2015,402,123,,,,
11-01-2015,389,123,,,,
12-01-2015,374,123,,,,
13-01-2015,360,122,,,,
14-01-2015,347,122,,,,
15-01-2015,334,121,,,,
16-01-2015,319,121,,,,
17-01-2015,3221,622,,,,
18-01-2015,277,120,,,,
19-01-2015,259,119,,,,
20-01-2015,243,119,,,,
21-01-2015,227,118,,,,
22-01-2015,212,118,,,,
23-01-2015,207,117,,,,
24-01-2015,206,117,,,,
25-01-2015,205,117,,,,
26-01-2015,208,116,,,,
27-01-2015,212,115,,,,
28-01-2015,217,115,,,,
29-01-2015,224,114,,,,
30-01-2015,229,114,,,,
31-01-2015,232,113,,,,
01-02-2015,235,113,,,,
02-02-2015,236,112,,,,
03-02-2015,236,112,,,,
04-02-2015,234,110,,,,
05-02-2015,230,110,,,,
06-02-2015,229,109,,,,
07-02-2015,224,109,,,,
08-02-2015,219,108,,,,
09-02-2015,216,108,,,,
10-02-2015,218,106,,,,
11-02-2015,235,106,,,,
12-02-2015,252,105,,,,
13-02-2015,265,105,,,,
14-02-2015,274,104,,,,
15-02-2015,282,104,,,,
16-02-2015,289,103,,,,
17-02-2015,294,102,,,,
18-02-2015,298,102,,,,
19-02-2015,298,101,,,,
20-02-2015,294,98,,,,
21-02-2015,289,94,,,,
22-02-2015,283,91,,,,
23-02-2015,275,87,,,,
24-02-2015,268,85,,,,
25-02-2015,261,83,,,,
26-02-2015,252,81,,,,
27-02-2015,244,79,,,,
28-02-2015,235,77,,,,
01-03-2015,235,75,,,,
02-03-2015,239,74,,,,
03-03-2015,240,73,,,,
04-03-2015,238,73,,,,
05-03-2015,235,72,,,,
06-03-2015,231,72,,,,
07-03-2015,229,71,,,,
08-03-2015,221,71,,,,
09-03-2015,206,70,,,,
10-03-2015,192,70,,,,
11-03-2015,181,70,,,,
12-03-2015,165,70,,,,
13-03-2015,158,70,,,,
14-03-2015,162,70,,,,
15-03-2015,169,70,,,,
16-03-2015,175,70,,,,
17-03-2015,180,70,,,,
18-03-2015,180,70,,,,
19-03-2015,171,70,,,,
20-03-2015,156,70,,,,
21-03-2015,140,70,,,,
22-03-2015,127,70,,,,
23-03-2015,113,70,,,,
24-03-2015,107,70,,,,
25-03-2015,102,70,,,,
26-03-2015,98,70,,,,
27-03-2015,94,70,,,,
28-03-2015,90,69,,,,
29-03-2015,86,68,,,,
30-03-2015,83,67,,,,
31-03-2015,80,65,,,,
01-04-2015,77,64,,,,
02-04-2015,74,62,,,,
03-04-2015,73,61,,,,
04-04-2015,72,59,,,,
05-04-2015,70,58,,,,
06-04-2015,69,56,,,,
07-04-2015,68,54.5,,,,
08-04-2015,67,53,,,,
09-04-2015,66,51.5,,,,
10-04-2015,65,50,,,,
11-04-2015,64,48.5,,,,
12-04-2015,63,47,,,,
13-04-2015,61,45.5,,,,
14-04-2015,69,44,,,,
15-04-2015,103,42.5,,,,
16-04-2015,146,41,,,,
17-04-2015,196,39.5,,,,
18-04-2015,250,38,,,,
19-04-2015,307,36.5,,,,
20-04-2015,328,35,,,,
21-04-2015,341,33.5,,,,
22-04-2015,353,32,,,,
23-04-2015,362,30.5,,,,
24-04-2015,368,29,,,,
25-04-2015,360,27.5,,,,
26-04-2015,319,26,,,,
27-04-2015,276,24.5,,,,
28-04-2015,232,23,,,,
29-04-2015,197,21.5,,,,
30-04-2015,164,20,,,,
01-05-2015,155,18.5,,,,
02-05-2015,153,17,,,,
03-05-2015,155,15.5,,,,
04-05-2015,153,14,,,,
05-05-2015,151,12.5,,,,
06-05-2015,150,11,,,,
07-05-2015,148,9.5,,,,
08-05-2015,146,8,,,,
09-05-2015,144,6.5,,,,
10-05-2015,142,5,,,,
11-05-2015,141,3.5,,,,
12-05-2015,139,2,,,,
13-05-2015,137,0.5,,,,
14-05-2015,135,0,,,,
15-05-2015,133,0,,,,
16-05-2015,131,0,,,,
17-05-2015,129,0,,,,
18-05-2015,127,0,,,,
19-05-2015,125,0,,,,
20-05-2015,123,0,,,,
21-05-2015,121,0,,,,
22-05-2015,119,0,,,,
23-05-2015,117,0,,,,
24-05-2015,115,0,,,,
25-05-2015,113,0,,,,
26-05-2015,111,0,,,,
27-05-2015,109,0,,,,
28-05-2015,107,0,,,,
29-05-2015,105,0,,,,
30-05-2015,103,0,,,,
31-05-2015,101,0,,,,
01-06-2015,98,0,,,,
02-06-2015,96,0,,,,
03-06-2015,96,0,,,,
04-06-2015,94,0,,,,
05-06-2015,92,0,,,,
06-06-2015,103,0,,,,
07-06-2015,119,0,,,,
08-06-2015,134,0,,,,
09-06-2015,150,0,,,,
10-06-2015,164,0,,,,
11-06-2015,171,0,,,,
12-06-2015,173,0,,,,
13-06-2015,173,0,,,,
14-06-2015,172,0,,,,
15-06-2015,170,0,,,,
16-06-2015,166,0,,,,
17-06-2015,160,0,,,,
18-06-2015,153,0,,,,
19-06-2015,143,0,,,,
20-06-2015,133,0,,,,
21-06-2015,123,0,,,,
22-06-2015,116,0,,,,
23-06-2015,108,0,,,,
24-06-2015,102,0,,,,
25-06-2015,96,0,,,,
26-06-2015,88,0,,,,
27-06-2015,86,0,,,,
28-06-2015,85,0,,,,
29-06-2015,83,0,,,,
30-06-2015,82,0,,,,
01-07-2015,80,0,,,,
02-07-2015,78,0,,,,
03-07-2015,76,0,,,,
04-07-2015,75,0,,,,
05-07-2015,73,0,,,,
06-07-2015,71,0,,,,
07-07-2015,69,0,,,,
08-07-2015,67,0,,,,
09-07-2015,66,0,,,,
10-07-2015,64,0,,,,
11-07-2015,64,0,,,,
12-07-2015,63,0,,,,
13-07-2015,61,0,,,,
14-07-2015,60,0,,,,
15-07-2015,59,0,,,,
16-07-2015,57,0,,,,
17-07-2015,56,0,,,,
18-07-2015,54,0,,,,
19-07-2015,53,0,,,,
20-07-2015,51,0,,,,
21-07-2015,50,0,,,,
22-07-2015,48,0,,,,
23-07-2015,50,0,,,,
24-07-2015,51,0,,,,
25-07-2015,53,0,,,,
26-07-2015,52,0,,,,
27-07-2015,55,0,,,,
28-07-2015,56,0,,,,
29-07-2015,55,0,,,,
30-07-2015,54,0,,,,
31-07-2015,53,0,,,,
01-08-2015,52,0,,,,
02-08-2015,51,0,,,,
03-08-2015,50,0,,,,
04-08-2015,49,0,,,,
05-08-2015,55,0,,,,
06-08-2015,54,0,,,,
07-08-2015,53,0,,,,
08-08-2015,53,0,,,,
09-08-2015,53,0,,,,
10-08-2015,53,0,,,,
11-08-2015,55,0,,,,
12-08-2015,55,0,,,,
13-08-2015,55,0,,,,
14-08-2015,55,0,,,,
15-08-2015,55,0,,,,
16-08-2015,54,0,,,,
17-08-2015,54,0,,,,
18-08-2015,54,0,,,,
19-08-2015,54,0,,,,
20-08-2015,53,0,,,,
21-08-2015,56,0,,,,
22-08-2015,58,0,,,,
23-08-2015,60,0,,,,
24-08-2015,60,0,,,,
25-08-2015,60,0,,,,
26-08-2015,60,0,,,,
27-08-2015,60,0,,,,
28-08-2015,60,0,,,,
29-08-2015,59,0,,,,
30-08-2015,59,0,,,,
31-08-2015,59,0,,,,
01-09-2015,59,0,,,,
02-09-2015,59,0,,,,
03-09-2015,59,0,,,,
04-09-2015,59,0,,,,
05-09-2015,58,0,,,,
06-09-2015,58,0,,,,
07-09-2015,58,0,,,,
08-09-2015,58,0,,,,
09-09-2015,57,0,,,,
10-09-2015,57,0,,,,
11-09-2015,57,0,,,,
12-09-2015,56,0,,,,
13-09-2015,55,0,,,,
14-09-2015,54,0,,,,
15-09-2015,54,0,,,,
16-09-2015,53,0,,,,
17-09-2015,53,0,,,,
18-09-2015,52,0,,,,
19-09-2015,52,0,,,,
20-09-2015,50,0,,,,
21-09-2015,55,0,,,,
22-09-2015,55,0,,,,
23-09-2015,55,0,,,,
24-09-2015,55,0,,,,
25-09-2015,54,0,,,,
26-09-2015,54,0,,,,
27-09-2015,53,0,,,,
28-09-2015,53,0,,,,
29-09-2015,59,0,,,,
30-09-2015,59,0,,,,
01-10-2015,59,0,,,,
02-10-2015,58,0,,,,
03-10-2015,63,0,,,,
04-10-2015,63,0,,,,
05-10-2015,63,0,,,,
06-10-2015,63,0,,,,
07-10-2015,62,0,,,,
08-10-2015,68,0,,,,
09-10-2015,70,0,,,,
10-10-2015,75,0,,,,
11-10-2015,82,0,,,,
12-10-2015,82,0,,,,
13-10-2015,81,0,,,,
14-10-2015,81,0,,,,
15-10-2015,80,0,,,,
16-10-2015,80,0,,,,
17-10-2015,79,0,,,,
18-10-2015,79,0,,,,
19-10-2015,77,0,,,,
20-10-2015,77,0,,,,
21-10-2015,76,0,,,,
22-10-2015,76,0,,,,
23-10-2015,75,0,,,,
24-10-2015,75,0,,,,
25-10-2015,73,0,,,,
26-10-2015,73,0,,,,
27-10-2015,72,0,,,,
28-10-2015,72,0,,,,
29-10-2015,71,0,,,,
30-10-2015,71,0,,,,
31-10-2015,71,0,,,,
01-11-2015,70,0,,,,
02-11-2015,71,10,,,,
03-11-2015,71,11,,,,
04-11-2015,77,15,,,,
05-11-2015,77,16,,,,
06-11-2015,76,17,,,,
07-11-2015,76,18,,,,
08-11-2015,76,29,,,,
09-11-2015,122,49,,,,
10-11-2015,160,86,,,,
11-11-2015,204,160,,,,
12-11-2015,536,196,,,,
13-11-2015,989,267,,,,
14-11-2015,1436,375,,,,
15-11-2015,1626,443,,,,
16-11-2015,2044,619,,,,
17-11-2015,2823,698,,,,
18-11-2015,2478,692,,,,
19-11-2015,2755,654,,,,
20-11-2015,2745,625,,,,
21-11-2015,2730,617,,,,
22-11-2015,2748,613,,,,
23-11-2015,2727,654,,,,
24-11-2015,2792,697,,,,
25-11-2015,2669,691,,,,
26-11-2015,2627,668,,,,
27-11-2015,2669,648,,,,
28-11-2015,2715,624,,,,
29-11-2015,2745,607,,,,
30-11-2015,2681,593,,,,
01-12-2015,2745,595,,,,
02-12-2015,2807,804,,,,
03-12-2015,2669,896,,,,
04-12-2015,2669,880,,,,
05-12-2015,2609,809,,,,
06-12-2015,2521,762,,,,
07-12-2015,2323,790,,,,
08-12-2015,2507,795,,,,
09-12-2015,2595,772,,,,
10-12-2015,2521,762,,,,
11-12-2015,2636,731,,,,
12-12-2015,2807,706,,,,
13-12-2015,2905,697,,,,
14-12-2015,2966,697,,,,
15-12-2015,3005,697,,,,
16-12-2015,3022,693,,,,
17-12-2015,3028,691,,,,
18-12-2015,3028,690,,,,
19-12-2015,3064,688,,,,
20-12-2015,3061,680,,,,
21-12-2015,3061,685,,,,
22-12-2015,3064,673,,,,
23-12-2015,3061,692,,,,
24-12-2015,3061,704,,,,
25-12-2015,3077,716,,,,
26-12-2015,3087,725,,,,
27-12-2015,3095,731,,,,
28-12-2015,3101,730,,,,
29-12-2015,3104,727,,,,
30-12-2015,3108,723,,,,
31-12-2015,3111,721,,,,
01-01-2016,3114,717,,,,
02-01-2016,3118,716,,,,
03-01-2016,3121,712,,,,
04-01-2016,3124,707,,,,
05-01-2016,3128,703,,,,
06-01-2016,3131,697,,,,
07-01-2016,3135,692,,,,
08-01-2016,3159,688,,,,
09-01-2016,3159,681,,,,
10-01-2016,3159,673,,,,
11-01-2016,3167,664,,,,
12-01-2016,3175,655,,,,
13-01-2016,3186,648,,,,
14-01-2016,3194,643,,,,
15-01-2016,3213,628,,,,
16-01-2016,3213,628,,,,
17-01-2016,3221,622,,,,
18-01-2016,3231,616,,,,
19-01-2016,3231,610,,,,
20-01-2016,3231,604,,,,
21-01-2016,3224,598,,,,
22-01-2016,3186,593,,,,
23-01-2016,3159,588,,,,
24-01-2016,3111,583,,,,
25-01-2016,3064,578,,,,
26-01-2016,3015,571,,,,
27-01-2016,2960,565,,,,
28-01-2016,2896,559,,,,
29-01-2016,2832,544,,,,
30-01-2016,2767,540,,,,
31-01-2016,2696,537,,,,
01-02-2016,2627,533,,,,
02-02-2016,2559,529,,,,
03-02-2016,2489,525,,,,
04-02-2016,2424,521,,,,
05-02-2016,2365,516,,,,
06-02-2016,2304,511,,,,
07-02-2016,2255,505,,,,
08-02-2016,2190,500,,,,
09-02-2016,2155,495,,,,
10-02-2016,2150,489,,,,
11-02-2016,2145,483,,,,
12-02-2016,2140,477,,,,
13-02-2016,2137,471,,,,
14-02-2016,2137,471,,,,
15-02-2016,2127,459,,,,
16-02-2016,2121,453,,,,
17-02-2016,2116,447,,,,
18-02-2016,2111,441,,,,
19-02-2016,2106,435,,,,
20-02-2016,2100,429,,,,
21-02-2016,2095,423,,,,
22-02-2016,2090,417,,,,
23-02-2016,2085,411,,,,
24-02-2016,2080,405,,,,
25-02-2016,2074,399,,,,
26-02-2016,2069,394,,,,
27-02-2016,2064,389,,,,
28-02-2016,2059,385,,,,
29-02-2016,2054,380,,,,
01-03-2016,2049,376,,,,
02-03-2016,2044,372,,,,
03-03-2016,2039,368,,,,
04-03-2016,2033,364,,,,
05-03-2016,2028,360,,,,
06-03-2016,2023,356,,,,
07-03-2016,2018,352,,,,
08-03-2016,2013,348,,,,
09-03-2016,2008,344,,,,
10-03-2016,2003,340,,,,
11-03-2016,1998,336,,,,
12-03-2016,1993,332,,,,
13-03-2016,1990,328,,,,
14-03-2016,1988,324,,,,
15-03-2016,1983,320,,,,
16-03-2016,1978,316,,,,
17-03-2016,1975,312,,,,
18-03-2016,1973,308,,,,
19-03-2016,1968,304,,,,
20-03-2016,1965,300,,,,
21-03-2016,1960,296,,,,
22-03-2016,1958,292,,,,
23-03-2016,1953,288,,,,
24-03-2016,1948,284,,,,
25-03-2016,1948,284,,,,
26-03-2016,1938,276,,,,
27-03-2016,1933,272,,,,
28-03-2016,1928,268,,,,
29-03-2016,1923,264,,,,
30-03-2016,1918,260,,,,
31-03-2016,1916,256,,,,
01-04-2016,1911,252,,,,
02-04-2016,1906,248,,,,
03-04-2016,1901,244,,,,
04-04-2016,1896,240,,,,
05-04-2016,1891,236,,,,
06-04-2016,1886,232,,,,
07-04-2016,1882,228,,,,
08-04-2016,1877,224,,,,
09-04-2016,1872,220,,,,
10-04-2016,1867,216,,,,
11-04-2016,1862,212,,,,
12-04-2016,1857,208,,,,
13-04-2016,1853,204,,,,
14-04-2016,1853,204,,,,
15-04-2016,1843,196,,,,
16-04-2016,1838,192,,,,
17-04-2016,1838,192,,,,
18-04-2016,1829,184,,,,
19-04-2016,1829,184,,,,
20-04-2016,1746,176,,,,
21-04-2016,1698,172,,,,
22-04-2016,1651,168,,,,
23-04-2016,1651,168,,,,
24-04-2016,1557,160,,,,
25-04-2016,1510,156,,,,
26-04-2016,1489,152,,,,
27-04-2016,1438,148,,,,
28-04-2016,1387,144,,,,
29-04-2016,1338,135,,,,
30-04-2016,1288,127,,,,
01-05-2016,1239,120,,,,
02-05-2016,1190,113,,,,
03-05-2016,1142,106,,,,
04-05-2016,1095,101,,,,
05-05-2016,1048,99,,,,
06-05-2016,1001,97,,,,
07-05-2016,954,96,,,,
08-05-2016,930,95,,,,
09-05-2016,927,94,,,,
10-05-2016,924,93,,,,
11-05-2016,919,92,,,,
12-05-2016,917,90,,,,
13-05-2016,914,89,,,,
14-05-2016,911,87,,,,
15-05-2016,911,87,,,,
16-05-2016,905,85,,,,
17-05-2016,902,84,,,,
18-05-2016,917,91,,,,
19-05-2016,1079,98,,,,
20-05-2016,1111,98,,,,
21-05-2016,1111,96,,,,
22-05-2016,1107,94,,,,
23-05-2016,1103,92,,,,
24-05-2016,1100,91,,,,
25-05-2016,1096,90,,,,
26-05-2016,1092,89,,,,
27-05-2016,1088,88,,,,
28-05-2016,1084,87,,,,
29-05-2016,1079,86,,,,
30-05-2016,1074,85,,,,
31-05-2016,1070,84,,,,
01-06-2016,1065,83,,,,
02-06-2016,1062,82,,,,
03-06-2016,1057,81,,,,
04-06-2016,1054,81,,,,
05-06-2016,1050,80,,,,
06-06-2016,1045,80,,,,
07-06-2016,1042,79,,,,
08-06-2016,1038,82,,,,
09-06-2016,1038,82,,,,
10-06-2016,1035,82,,,,
11-06-2016,1030,82,,,,
12-06-2016,1026,82,,,,
13-06-2016,1021,82,,,,
14-06-2016,1018,82,,,,
15-06-2016,1014,82,,,,
16-06-2016,1010,82,,,,
17-06-2016,1007,82,,,,
18-06-2016,1004,81,,,,
19-06-2016,999,81,,,,
20-06-2016,999,81,,,,
21-06-2016,999,81,,,,
22-06-2016,1029,81,,,,
23-06-2016,1039,81,,,,
24-06-2016,1041,81,,,,
25-06-2016,1041,80,,,,
26-06-2016,1036,80,,,,
27-06-2016,1033,80,,,,
28-06-2016,1029,80,,,,
29-06-2016,1026,80,,,,
30-06-2016,1021,80,,,,
01-07-2016,1018,80,,,,
02-07-2016,1015,79,,,,
03-07-2016,1013,79,,,,
04-07-2016,1010,79,,,,
05-07-2016,1013,79,,,,
06-07-2016,1010,79,,,,
07-07-2016,1007,79,,,,
08-07-2016,1004,79,,,,
09-07-2016,982,79,,,,
10-07-2016,950,79,,,,
11-07-2016,917,79,,,,
12-07-2016,884,79,,,,
13-07-2016,851,79,,,,
14-07-2016,818,79,,,,
15-07-2016,825,79,,,,
16-07-2016,805,79,,,,
17-07-2016,776,79,,,,
18-07-2016,744,79,,,,
19-07-2016,715,78,,,,
20-07-2016,682,77,,,,
21-07-2016,649,76,,,,
22-07-2016,615,75,,,,
23-07-2016,582,74,,,,
24-07-2016,549,73,,,,
25-07-2016,517,73,,,,
26-07-2016,514,73,,,,
27-07-2016,536,73,,,,
28-07-2016,559,73,,,,
29-07-2016,578,73,,,,
30-07-2016,597,73,,,,
31-07-2016,617,73,,,,
01-08-2016,643,73,,,,
02-08-2016,662,73,,,,
03-08-2016,662,73,,,,
04-08-2016,662,73,,,,
05-08-2016,662,73,,,,
06-08-2016,660,73,,,,
07-08-2016,656,73,,,,
08-08-2016,653,73,,,,
09-08-2016,650,73,,,,
10-08-2016,648,73,,,,
11-08-2016,644,73,,,,
12-08-2016,641,73,,,,
13-08-2016,639,73,,,,
14-08-2016,635,72,,,,
15-08-2016,632,72,,,,
16-08-2016,628,72,,,,
17-08-2016,626,72,,,,
18-08-2016,623,72,,,,
19-08-2016,620,72,,,,
20-08-2016,617,72,,,,
21-08-2016,613,72,,,,
22-08-2016,609,72,,,,
23-08-2016,605,72,,,,
24-08-2016,601,72,,,,
25-08-2016,597,71,,,,
26-08-2016,593,71,,,,
27-08-2016,589,71,,,,
28-08-2016,584,71,,,,
29-08-2016,580,70,,,,
30-08-2016,577,70,,,,
31-08-2016,573,69,,,,
01-09-2016,569,69,,,,
02-09-2016,565,70,,,,
03-09-2016,561,69,,,,
04-09-2016,556,69,,,,
05-09-2016,553,68,,,,
06-09-2016,549,67,,,,
07-09-2016,545,67,,,,
08-09-2016,541,66,,,,
09-09-2016,536,66,,,,
10-09-2016,533,66,,,,
11-09-2016,529,65,,,,
12-09-2016,525,65,,,,
13-09-2016,520,64,,,,
14-09-2016,517,64,,,,
15-09-2016,509,63,,,,
16-09-2016,522,65,,,,
17-09-2016,522,84,,,,
18-09-2016,512,93,,,,
19-09-2016,500,98,,,,
20-09-2016,488,101,,,,
21-09-2016,476,104,,,,
22-09-2016,460,105,,,,
23-09-2016,444,105,,,,
24-09-2016,428,104,,,,
25-09-2016,412,103,,,,
26-09-2016,393,102,,,,
27-09-2016,372,101,,,,
28-09-2016,337,100,,,,
29-09-2016,314,100,,,,
30-09-2016,305,100,,,,
01-10-2016,285,100,,,,
02-10-2016,265,99,,,,
03-10-2016,246,98,,,,
04-10-2016,228,97,,,,
05-10-2016,212,96,,,,
06-10-2016,197,95,,,,
07-10-2016,172,93,,,,
08-10-2016,172,93,,,,
09-10-2016,161,92,,,,
10-10-2016,151,91,,,,
11-10-2016,142,90,,,,
12-10-2016,135,89,,,,
13-10-2016,129,88,,,,
14-10-2016,123,87,,,,
15-10-2016,117,86,,,,
16-10-2016,111,84,,,,
17-10-2016,105,82,,,,
18-10-2016,99,80,,,,
19-10-2016,93,78,,,,
20-10-2016,87,76,,,,
21-10-2016,90,74,,,,
22-10-2016,95,73,,,,
23-10-2016,162,72,,,,
24-10-2016,134,72,,,,
25-10-2016,163,72,,,,
26-10-2016,179,72,,,,
27-10-2016,191,72,,,,
28-10-2016,202,72,,,,
29-10-2016,213,72,,,,
30-10-2016,223,71,,,,
31-10-2016,229,71,,,,
01-11-2016,229,72,,,,
02-11-2016,229,73,,,,
03-11-2016,243,75,,,,
04-11-2016,250,77,,,,
05-11-2016,250,78,,,,
06-11-2016,246,78,,,,
07-11-2016,231,78,,,,
08-11-2016,215,78,,,,
09-11-2016,199,77,,,,
10-11-2016,183,76,,,,
11-11-2016,167,75,,,,
12-11-2016,152,74,,,,
13-11-2016,139,74,,,,
14-11-2016,129,74,,,,
15-11-2016,119,74,,,,
16-11-2016,110,74,,,,
17-11-2016,104,74,,,,
18-11-2016,100,73,,,,
19-11-2016,95,73,,,,
20-11-2016,91,73,,,,
21-11-2016,87,73,,,,
22-11-2016,83,73,,,,
23-11-2016,80,73,,,,
24-11-2016,77,73,,,,
25-11-2016,74,73,,,,
26-11-2016,71,73,,,,
27-11-2016,74,73,,,,
28-11-2016,101,73,,,,
29-11-2016,131,73,,,,
30-11-2016,163,73,,,,
01-12-2016,194,72,,,,
02-12-2016,243,73,,,,
03-12-2016,285,79,,,,
04-12-2016,319,84,,,,
05-12-2016,347,84,,,,
06-12-2016,363,84,,,,
07-12-2016,376,84,,,,
08-12-2016,389,84,,,,
09-12-2016,404,84,,,,
10-12-2016,416,83,,,,
11-12-2016,425,82,,,,
12-12-2016,436,84,,,,
13-12-2016,528,121,,,,
14-12-2016,597,118,,,,
15-12-2016,630,115,,,,
16-12-2016,649,111,,,,
17-12-2016,649,111,,,,
18-12-2016,658,103,,,,
19-12-2016,660,99,,,,
20-12-2016,660,95,,,,
21-12-2016,657,92,,,,
22-12-2016,653,89,,,,
23-12-2016,649,88,,,,
24-12-2016,645,87,,,,
25-12-2016,641,86,,,,
26-12-2016,637,85,,,,
27-12-2016,633,84,,,,
28-12-2016,630,84,,,,
29-12-2016,627,83,,,,
30-12-2016,624,83,,,,
31-12-2016,620,83,,,,
01-01-2017,617,82,,,,
02-01-2017,613,82,,,,
03-01-2017,609,82,,,,
04-01-2017,605,82,,,,
05-01-2017,1018,505,,,,
06-01-2017,597,81,,,,
07-01-2017,593,81,,,,
08-01-2017,589,81,,,,
09-01-2017,586,80,,,,
10-01-2017,582,80,,,,
11-01-2017,578,80,,,,
12-01-2017,574,79,,,,
13-01-2017,570,79,,,,
14-01-2017,566,79,,,,
15-01-2017,563,78,,,,
16-01-2017,560,78,,,,
17-01-2017,556,78,,,,
18-01-2017,553,78,,,,
19-01-2017,550,78,,,,
20-01-2017,546,78,,,,
21-01-2017,546,78,,,,
22-01-2017,551,77,,,,
23-01-2017,558,77,,,,
24-01-2017,569,77,,,,
25-01-2017,583,77,,,,
26-01-2017,603,77,,,,
27-01-2017,626,76,,,,
28-01-2017,649,75,,,,
29-01-2017,660,73,,,,
30-01-2017,683,72,,,,
31-01-2017,703,71,,,,
01-02-2017,724,69,,,,
02-02-2017,736,68,,,,
03-02-2017,749,67,,,,
04-02-2017,749,67,,,,
05-02-2017,749,67,,,,
06-02-2017,778,62,,,,
07-02-2017,785,61,,,,
08-02-2017,791,59,,,,
09-02-2017,796,58,,,,
10-02-2017,799,56,,,,
11-02-2017,797,55,,,,
12-02-2017,797,53,,,,
13-02-2017,796,52,,,,
14-02-2017,797,50,,,,
15-02-2017,798,49,,,,
16-02-2017,804,47,,,,
17-02-2017,815,46,,,,
18-02-2017,815,46,,,,
19-02-2017,837,43,,,,
20-02-2017,842,41,,,,
21-02-2017,842,40,,,,
22-02-2017,840,38,,,,
23-02-2017,833,37,,,,
24-02-2017,833,35,,,,
25-02-2017,835,34,,,,
26-02-2017,835,34,,,,
27-02-2017,825,31,,,,
28-02-2017,818,29,,,,
01-03-2017,799,28,,,,
02-03-2017,789,26,,,,
03-03-2017,775,25,,,,
04-03-2017,759,23,,,,
05-03-2017,740,22,,,,
06-03-2017,721,20,,,,
07-03-2017,703,19,,,,
08-03-2017,683,17,,,,
09-03-2017,662,16,,,,
10-03-2017,641,15,,,,
11-03-2017,620,14,,,,
12-03-2017,595,13,,,,
13-03-2017,569,12,,,,
14-03-2017,549,11,,,,
15-03-2017,528,10,,,,
16-03-2017,507,9,,,,
17-03-2017,488,8,,,,
18-03-2017,466,7,,,,
19-03-2017,441,6,,,,
20-03-2017,416,6,,,,
21-03-2017,391,6,,,,
22-03-2017,366,5,,,,
23-03-2017,342,4,,,,
24-03-2017,317,3,,,,
25-03-2017,292,2,,,,
26-03-2017,269,1,,,,
27-03-2017,248,0,,,,
28-03-2017,225,0,,,,
29-03-2017,204,0,,,,
30-03-2017,185,0,,,,
31-03-2017,170,0,,,,
01-04-2017,160,0,,,,
02-04-2017,146,0,,,,
03-04-2017,134,0,,,,
04-04-2017,125,0,,,,
05-04-2017,118,0,,,,
06-04-2017,112,0,,,,
07-04-2017,110,0,,,,
08-04-2017,107,0,,,,
09-04-2017,105,0,,,,
10-04-2017,103,0,,,,
11-04-2017,100,0,,,,
12-04-2017,98,0,,,,
13-04-2017,96,0,,,,
14-04-2017,94,0,,,,
15-04-2017,92,0,,,,
16-04-2017,90,0,,,,
17-04-2017,88,0,,,,
18-04-2017,86,0,,,,
19-04-2017,84,0,,,,
20-04-2017,82,0,,,,
21-04-2017,80,0,,,,
22-04-2017,78,0,,,,
23-04-2017,76,0,,,,
24-04-2017,74,0,,,,
25-04-2017,71,0,,,,
26-04-2017,69,0,,,,
27-04-2017,67,0,,,,
28-04-2017,64,0,,,,
29-04-2017,62,0,,,,
30-04-2017,60,0,,,,
01-05-2017,58,0,,,,
02-05-2017,57,0,,,,
03-05-2017,56,0,,,,
04-05-2017,55,0,,,,
05-05-2017,54,0,,,,
06-05-2017,53,0,,,,
07-05-2017,52,0,,,,
08-05-2017,51,0,,,,
09-05-2017,50,0,,,,
10-05-2017,54,0,,,,
11-05-2017,53,0,,,,
12-05-2017,52,0,,,,
13-05-2017,51,0,,,,
14-05-2017,50,0,,,,
15-05-2017,49,0,,,,
16-05-2017,49,0,,,,
17-05-2017,48,0,,,,
18-05-2017,48,0,,,,
19-05-2017,47,0,,,,
20-05-2017,46,0,,,,
21-05-2017,46,0,,,,
22-05-2017,45,0,,,,
23-05-2017,45,0,,,,
24-05-2017,44,0,,,,
25-05-2017,43,0,,,,
26-05-2017,43,0,,,,
27-05-2017,42,0,,,,
28-05-2017,42,0,,,,
29-05-2017,41,0,,,,
30-05-2017,41,0,,,,
31-05-2017,40,0,,,,
01-06-2017,39,0,,,,
02-06-2017,38,0,,,,
03-06-2017,36,0,,,,
04-06-2017,35,0,,,,
05-06-2017,34,0,,,,
06-06-2017,33,0,,,,
07-06-2017,32,0,,,,
08-06-2017,31,0,,,,
09-06-2017,30,0,,,,
10-06-2017,27,0,,,,
11-06-2017,23,0,,,,
12-06-2017,21,0,,,,
13-06-2017,21,0,,,,
14-06-2017,20,0,,,,
15-06-2017,20,0,,,,
16-06-2017,20,0,,,,
17-06-2017,20,0,,,,
18-06-2017,20,0,,,,
19-06-2017,20,0,,,,
20-06-2017,20,0,,,,
21-06-2017,20,0,,,,
22-06-2017,20,0,,,,
23-06-2017,20,0,,,,
24-06-2017,20,0,,,,
25-06-2017,20,0,,,,
26-06-2017,20,0,,,,
27-06-2017,20,0,,,,
28-06-2017,20,0,,,,
29-06-2017,20,0,,,,
30-06-2017,19,0,,,,
01-07-2017,19,0,,,,
02-07-2017,19,0,,,,
03-07-2017,19,0,,,,
04-07-2017,19,0,,,,
05-07-2017,19,0,,,,
06-07-2017,18,0,,,,
07-07-2017,18,0,,,,
08-07-2017,18,0,,,,
09-07-2017,18,0,,,,
10-07-2017,18,0,,,,
11-07-2017,18,0,,,,
12-07-2017,19,0,,,,
13-07-2017,21,0,,,,
14-07-2017,21,0,,,,
15-07-2017,21,0,,,,
16-07-2017,21,0,,,,
17-07-2017,21,0,,,,
18-07-2017,21,0,,,,
19-07-2017,21,0,,,,
20-07-2017,21,0,,,,
21-07-2017,21,0,,,,
22-07-2017,21,0,,,,
23-07-2017,21,0,,,,
24-07-2017,21,0,,,,
25-07-2017,20,0,,,,
26-07-2017,20,0,,,,
27-07-2017,20,0,,,,
28-07-2017,20,0,,,,
29-07-2017,20,0,,,,
30-07-2017,20,0,,,,
31-07-2017,20,0,,,,
01-08-2017,20,0,,,,
02-08-2017,19,0,,,,
03-08-2017,19,0,,,,
04-08-2017,19,0,,,,
05-08-2017,19,0,,,,
06-08-2017,19,0,,,,
07-08-2017,19,0,,,,
08-08-2017,19,0,,,,
09-08-2017,18,0,,,,
10-08-2017,18,0,,,,
11-08-2017,18,0,,,,
12-08-2017,18,0,,,,
13-08-2017,18,0,,,,
14-08-2017,18,0,,,,
15-08-2017,19,0,,,,
16-08-2017,19,0,,,,
17-08-2017,19,0,,,,
18-08-2017,20,0,,,,
19-08-2017,21,0,,,,
20-08-2017,21,5,,,,
21-08-2017,21,8,,,,
22-08-2017,22,11,,,,
23-08-2017,22,13,,,,
24-08-2017,23,15,,,,
25-08-2017,23,17,,,,
26-08-2017,23,19,,,,
27-08-2017,23,21,,,,
28-08-2017,24,21,,,,
29-08-2017,24,21,,,,
30-08-2017,24,21,,,,
31-08-2017,27,22,,,,
01-09-2017,27,22,,,,
02-09-2017,27,25,,,,
03-09-2017,27,25,,,,
04-09-2017,27,25,,,,
05-09-2017,28,25,,,,
06-09-2017,27,25,,,,
07-09-2017,28,25,,,,
08-09-2017,28,25,,,,
09-09-2017,28,25,,,,
10-09-2017,28,25,,,,
11-09-2017,28,25,,,,
12-09-2017,28,25,,,,
13-09-2017,28,25,,,,
14-09-2017,28,25,,,,
15-09-2017,28,25,,,,
16-09-2017,28,25,,,,
17-09-2017,28,25,,,,
18-09-2017,28,25,,,,
19-09-2017,28,26,,,,
20-09-2017,28,26,,,,
21-09-2017,28,26,,,,
22-09-2017,28,26,,,,
23-09-2017,28,26,,,,
24-09-2017,28,26,,,,
25-09-2017,28,26,,,,
26-09-2017,28,26,,,,
27-09-2017,28,26,,,,
28-09-2017,27,26,,,,
29-09-2017,27,26,,,,
30-09-2017,27,26,,,,
01-10-2017,42,36,,,,
02-10-2017,62,46,,,,
03-10-2017,67,48,,,,
04-10-2017,68,51,,,,
05-10-2017,77,52,,,,
06-10-2017,92,52,,,,
07-10-2017,120,60,,,,
08-10-2017,131,70,,,,
09-10-2017,134,76,,,,
10-10-2017,137,78,,,,
11-10-2017,140,78,,,,
12-10-2017,150,81,,,,
13-10-2017,192,83,,,,
14-10-2017,225,85,,,,
15-10-2017,237,85,,,,
16-10-2017,246,85,,,,
17-10-2017,270,89,,,,
18-10-2017,288,91,,,,
19-10-2017,295,91,,,,
20-10-2017,298,91,,,,
21-10-2017,299,91,,,,
22-10-2017,299,91,,,,
23-10-2017,302,91,,,,
24-10-2017,302,91,,,,
25-10-2017,302,91,,,,
26-10-2017,301,91,,,,
27-10-2017,301,91,,,,
28-10-2017,301,91,,,,
29-10-2017,300,91,,,,
30-10-2017,300,91,,,,
31-10-2017,312,120,,,,
01-11-2017,332,180,,,,
02-11-2017,349,225,,,,
03-11-2017,368,250,,,,
04-11-2017,400,301,,,,
05-11-2017,468,354,,,,
06-11-2017,559,412,,,,
07-11-2017,656,464,,,,
08-11-2017,756,515,,,,
09-11-2017,818,541,,,,
10-11-2017,853,553,,,,
11-11-2017,881,565,,,,
12-11-2017,895,567,,,,
13-11-2017,909,573,,,,
14-11-2017,924,587,,,,
15-11-2017,945,607,,,,
16-11-2017,963,607,,,,
17-11-2017,979,607,,,,
18-11-2017,987,617,,,,
19-11-2017,992,617,,,,
20-11-2017,997,617,,,,
21-11-2017,999,615,,,,
22-11-2017,999,614,,,,
23-11-2017,999,611,,,,
24-11-2017,999,608,,,,
25-11-2017,997,605,,,,
26-11-2017,995,602,,,,
27-11-2017,993,599,,,,
28-11-2017,990,596,,,,
29-11-2017,987,592,,,,
30-11-2017,984,590,,,,
01-12-2017,1004,595,,,,
02-12-2017,1026,599,,,,
03-12-2017,1048,602,,,,
04-12-2017,1059,600,,,,
05-12-2017,1067,596,,,,
06-12-2017,1071,592,,,,
07-12-2017,1071,588,,,,
08-12-2017,1071,584,,,,
09-12-2017,1069,580,,,,
10-12-2017,1068,578,,,,
11-12-2017,1067,576,,,,
12-12-2017,1064,573,,,,
13-12-2017,1061,570,,,,
14-12-2017,1058,567,,,,
15-12-2017,1055,564,,,,
16-12-2017,1053,561,,,,
17-12-2017,1050,558,,,,
18-12-2017,1047,555,,,,
19-12-2017,1045,552,,,,
20-12-2017,1042,549,,,,
21-12-2017,1040,546,,,,
22-12-2017,1037,543,,,,
23-12-2017,1035,540,,,,
24-12-2017,1032,537,,,,
25-12-2017,1030,534,,,,
26-12-2017,1027,531,,,,
27-12-2017,1025,528,,,,
28-12-2017,1022,525,,,,
29-12-2017,1019,522,,,,
30-12-2017,1017,519,,,,
31-12-2017,1014,516,,,,
01-01-2018,1012,513,,,,
02-01-2018,1012,511,,,,
03-01-2018,1012,509,,,,
04-01-2018,1014,507,,,,
05-01-2018,1018,505,,,,
06-01-2018,1024,503,,,,
07-01-2018,1032,501,,,,
08-01-2018,1042,499,,,,
09-01-2018,1055,497,,,,
10-01-2018,1070,495,,,,
11-01-2018,1084,493,,,,
12-01-2018,1096,491,,,,
13-01-2018,1108,489,,,,
14-01-2018,1124,487,,,,
15-01-2018,1140,485,,,,
16-01-2018,1152,483,,,,
17-01-2018,1161,481,,,,
18-01-2018,1172,479,,,,
19-01-2018,1180,477,,,,
20-01-2018,1191,475,,,,
21-01-2018,1204,473,,,,
22-01-2018,1215,471,,,,
23-01-2018,1229,469,,,,
24-01-2018,1237,467,,,,
25-01-2018,1255,465,,,,
26-01-2018,1273,463,,,,
27-01-2018,1292,461,,,,
28-01-2018,1310,459,,,,
29-01-2018,1329,457,,,,
30-01-2018,1348,455,,,,
31-01-2018,1367,453,,,,
01-02-2018,1387,451,,,,
02-02-2018,1406,449,,,,
03-02-2018,1426,448,,,,
04-02-2018,1446,446,,,,
05-02-2018,1467,445,,,,
06-02-2018,1487,443,,,,
07-02-2018,1518,442,,,,
08-02-2018,1540,440,,,,
09-02-2018,1561,438,,,,
10-02-2018,1582,437,,,,
11-02-2018,1604,435,,,,
12-02-2018,1626,434,,,,
13-02-2018,1637,432,,,,
14-02-2018,1648,430,,,,
15-02-2018,1671,429,,,,
16-02-2018,1693,427,,,,
17-02-2018,1712,426,,,,
18-02-2018,1739,424,,,,
19-02-2018,1763,423,,,,
20-02-2018,1791,421,,,,
21-02-2018,1821,420,,,,
22-02-2018,1850,418,,,,
23-02-2018,1874,417,,,,
24-02-2018,1899,415,,,,
25-02-2018,1924,414,,,,
26-02-2018,1950,412,,,,
27-02-2018,1968,409,,,,
28-02-2018,1993,403,,,,
01-03-2018,2011,398,,,,
02-03-2018,2021,393,,,,
03-03-2018,2031,389,,,,
04-03-2018,2041,384,,,,
05-03-2018,2051,379,,,,
06-03-2018,2057,374,,,,
07-03-2018,2059,369,,,,
08-03-2018,2059,364,,,,
09-03-2018,2057,359,,,,
10-03-2018,2054,354,,,,
11-03-2018,2039,349,,,,
12-03-2018,2018,344,,,,
13-03-2018,1997,334,,,,
14-03-2018,1980,326,,,,
15-03-2018,1965,318,,,,
16-03-2018,1943,310,,,,
17-03-2018,1921,302,,,,
18-03-2018,1899,294,,,,
19-03-2018,1882,286,,,,
20-03-2018,1869,276,,,,
21-03-2018,1857,266,,,,
22-03-2018,1845,249,,,,
23-03-2018,1833,232,,,,
24-03-2018,1820,214,,,,
25-03-2018,1809,196,,,,
26-03-2018,1790,178,,,,
27-03-2018,1774,160,,,,
28-03-2018,1739,142,,,,
29-03-2018,1705,128,,,,
30-03-2018,1675,115,,,,
31-03-2018,1644,106,,,,
01-04-2018,1611,100,,,,
02-04-2018,1580,96,,,,
03-04-2018,1549,93,,,,
04-04-2018,1518,91,,,,
05-04-2018,1487,89,,,,
06-04-2018,1446,87,,,,
07-04-2018,1406,85,,,,
08-04-2018,1365,83,,,,
09-04-2018,1325,82,,,,
10-04-2018,1284,81,,,,
11-04-2018,1244,80,,,,
12-04-2018,1204,79,,,,
13-04-2018,1163,78,,,,
14-04-2018,1126,77,,,,
15-04-2018,1090,76,,,,
16-04-2018,1055,75,,,,
17-04-2018,1018,74,,,,
18-04-2018,983,73,,,,
19-04-2018,948,72,,,,
20-04-2018,900,72,,,,
21-04-2018,852,72,,,,
22-04-2018,804,71,,,,
23-04-2018,756,71,,,,
24-04-2018,708,71,,,,
25-04-2018,662,71,,,,
26-04-2018,616,71,,,,
27-04-2018,570,71,,,,
28-04-2018,524,71,,,,
29-04-2018,478,70,,,,
30-04-2018,432,70,,,,
01-05-2018,396,70,,,,
02-05-2018,362,70,,,,
03-05-2018,329,70,,,,
04-05-2018,297,70,,,,
05-05-2018,279,70,,,,
06-05-2018,260,70,,,,
07-05-2018,242,70,,,,
08-05-2018,227,70,,,,
09-05-2018,212,70,,,,
10-05-2018,200,70,,,,
11-05-2018,200,70,,,,
12-05-2018,198,70,,,,
13-05-2018,198,70,,,,
14-05-2018,197,70,,,,
15-05-2018,196,70,,,,
16-05-2018,195,70,,,,
17-05-2018,194,70,,,,
18-05-2018,193,70,,,,
19-05-2018,192,69,,,,
20-05-2018,191,69,,,,
21-05-2018,190,69,,,,
22-05-2018,189,69,,,,
23-05-2018,188,69,,,,
24-05-2018,188,69,,,,
25-05-2018,187,69,,,,
26-05-2018,187,69,,,,
27-05-2018,187,69,,,,
28-05-2018,186,69,,,,
29-05-2018,186,69,,,,
30-05-2018,185,68,,,,
31-05-2018,185,68,,,,
01-06-2018,184,68,,,,
02-06-2018,184,68,,,,
03-06-2018,184,68,,,,
04-06-2018,183,68,,,,
05-06-2018,183,68,,,,
06-06-2018,182,68,,,,
07-06-2018,182,68,,,,
08-06-2018,181,68,,,,
09-06-2018,181,68,,,,
10-06-2018,181,68,,,,
11-06-2018,180,68,,,,
12-06-2018,180,68,,,,
13-06-2018,179,68,,,,
14-06-2018,179,68,,,,
15-06-2018,178,68,,,,
16-06-2018,178,68,,,,
17-06-2018,178,68,,,,
18-06-2018,177,68,,,,
19-06-2018,177,68,,,,
20-06-2018,176,68,,,,
21-06-2018,172,68,,,,
22-06-2018,168,68,,,,
23-06-2018,164,68,,,,
24-06-2018,160,68,,,,
25-06-2018,156,68,,,,
26-06-2018,152,67,,,,
27-06-2018,148,66,,,,
28-06-2018,144,65,,,,
29-06-2018,140,64,,,,
30-06-2018,136,63,,,,
01-07-2018,132,61,,,,
02-07-2018,128,60,,,,
03-07-2018,134,59,,,,
04-07-2018,134,58,,,,
05-07-2018,131,57,,,,
06-07-2018,128,56,,,,
07-07-2018,124,55,,,,
08-07-2018,120,53,,,,
09-07-2018,116,52,,,,
10-07-2018,112,51,,,,
11-07-2018,109,50,,,,
12-07-2018,107,49,,,,
13-07-2018,104,48,,,,
14-07-2018,102,47,,,,
15-07-2018,99,46,,,,
16-07-2018,96,44,,,,
17-07-2018,92,43,,,,
18-07-2018,88,42,,,,
19-07-2018,84,41,,,,
20-07-2018,80,40,,,,
21-07-2018,76,39,,,,
22-07-2018,73,38,,,,
23-07-2018,70,37,,,,
24-07-2018,67,35,,,,
25-07-2018,64,34,,,,
26-07-2018,62,33,,,,
27-07-2018,60,32,,,,
28-07-2018,58,31,,,,
29-07-2018,56,30,,,,
30-07-2018,54,29,,,,
31-07-2018,52,27,,,,
01-08-2018,50,26,,,,
02-08-2018,48,25,,,,
03-08-2018,46,24,,,,
04-08-2018,45,23,,,,
05-08-2018,45,22,,,,
06-08-2018,44,21,,,,
07-08-2018,42,20,,,,
08-08-2018,41,18,,,,
09-08-2018,39,17,,,,
10-08-2018,38,16,,,,
11-08-2018,37,15,,,,
12-08-2018,35,13,,,,
13-08-2018,33,12,,,,
14-08-2018,31,11,,,,
15-08-2018,31,10,,,,
16-08-2018,28,9,,,,
17-08-2018,25,8,,,,
18-08-2018,22,7,,,,
19-08-2018,19,6,,,,
20-08-2018,16,5,,,,
21-08-2018,15,4,,,,
22-08-2018,15,3,,,,
23-08-2018,14,2,,,,
24-08-2018,14,1,,,,
25-08-2018,13,1,,,,
26-08-2018,13,1,,,,
27-08-2018,13,1,,,,
28-08-2018,13,1,,,,
29-08-2018,13,1,,,,
30-08-2018,13,1,,,,
31-08-2018,13,1,,,,
01-09-2018,13,1,,,,
02-09-2018,13,1,,,,
03-09-2018,13,1,,,,
04-09-2018,13,1,,,,
05-09-2018,13,1,,,,
06-09-2018,13,1,,,,
07-09-2018,13,1,,,,
08-09-2018,13,1,,,,
09-09-2018,13,1,,,,
10-09-2018,13,1,,,,
11-09-2018,13,1,,,,
12-09-2018,13,1,,,,
13-09-2018,13,1,,,,
14-09-2018,13,1,,,,
15-09-2018,13,1,,,,
16-09-2018,13,1,,,,
17-09-2018,13,1,,,,
18-09-2018,13,1,,,,
19-09-2018,13,7,,,,
20-09-2018,13,8,,,,
21-09-2018,13,8,,,,
22-09-2018,13,8,,,,
23-09-2018,13,8,,,,
24-09-2018,13,8,,,,
25-09-2018,13,8,,,,
26-09-2018,13,8,,,,
27-09-2018,13,8,,,,
28-09-2018,13,8,,,,
29-09-2018,19,8,,,,
30-09-2018,48,8,,,,
01-10-2018,93,8,,,,
02-10-2018,146,8,,,,
03-10-2018,198,8,,,,
04-10-2018,249,8,,,,
05-10-2018,317,11,,,,
06-10-2018,375,14,,,,
07-10-2018,405,16,,,,
08-10-2018,435,17,,,,
09-10-2018,467,17,,,,
10-10-2018,499,17,,,,
11-10-2018,530,17,,,,
12-10-2018,561,17,,,,
13-10-2018,582,17,,,,
14-10-2018,607,17,,,,
15-10-2018,637,17,,,,
16-10-2018,667,17,,,,
17-10-2018,689,17,,,,
18-10-2018,706,17,,,,
19-10-2018,720,17,,,,
20-10-2018,732,17,,,,
21-10-2018,742,17,,,,
22-10-2018,753,17,,,,
23-10-2018,766,17,,,,
24-10-2018,779,17,,,,
25-10-2018,791,17,,,,
26-10-2018,799,17,,,,
27-10-2018,805,17,,,,
28-10-2018,807,17,,,,
29-10-2018,782,17,,,,
30-10-2018,750,17,,,,
31-10-2018,715,17,,,,
01-11-2018,695,20,,,,
02-11-2018,682,22,,,,
03-11-2018,669,22,,,,
04-11-2018,656,22,,,,
05-11-2018,643,22,,,,
06-11-2018,630,22,,,,
07-11-2018,617,22,,,,
08-11-2018,604,22,,,,
09-11-2018,591,22,,,,
10-11-2018,578,22,,,,
11-11-2018,559,22,,,,
12-11-2018,540,22,,,,
13-11-2018,522,22,,,,
14-11-2018,503,22,,,,
15-11-2018,485,22,,,,
16-11-2018,468,22,,,,
17-11-2018,451,22,,,,
18-11-2018,433,22,,,,
19-11-2018,411,22,,,,
20-11-2018,379,22,,,,
21-11-2018,357,24,,,,
22-11-2018,363,30,,,,
23-11-2018,373,40,,,,
24-11-2018,384,40,,,,
25-11-2018,389,40,,,,
26-11-2018,391,40,,,,
27-11-2018,391,40,,,,
28-11-2018,389,40,,,,
29-11-2018,387,40,,,,
30-11-2018,384,40,,,,
01-12-2018,381,40,,,,
02-12-2018,379,40,,,,
03-12-2018,376,40,,,,
04-12-2018,375,42,,,,
05-12-2018,384,46,,,,
06-12-2018,386,48,,,,
07-12-2018,385,48,,,,
08-12-2018,385,48,,,,
09-12-2018,383,48,,,,
10-12-2018,380,48,,,,
11-12-2018,377,48,,,,
12-12-2018,374,48,,,,
13-12-2018,371,48,,,,
14-12-2018,368,48,,,,
15-12-2018,365,48,,,,
16-12-2018,361,48,,,,
17-12-2018,357,48,,,,
18-12-2018,353,48,,,,
19-12-2018,349,48,,,,
20-12-2018,345,48,,,,
21-12-2018,341,48,,,,
22-12-2018,337,48,,,,
23-12-2018,333,48,,,,
24-12-2018,329,48,,,,
25-12-2018,325,48,,,,
26-12-2018,322,48,,,,
27-12-2018,318,48,,,,
28-12-2018,314,48,,,,
29-12-2018,310,48,,,,
30-12-2018,306,48,,,,
31-12-2018,302,48,,,,
01-01-2019,298,48,,,,
02-01-2019,294,48,,,,
03-01-2019,291,48,,,,
04-01-2019,287,48,,,,
05-01-2019,283,48,,,,
06-01-2019,279,48,,,,
07-01-2019,275,48,,,,
08-01-2019,271,48,,,,
09-01-2019,268,48,,,,
10-01-2019,265,48,,,,
11-01-2019,262,48,,,,
12-01-2019,259,48,,,,
13-01-2019,256,48,,,,
14-01-2019,254,48,,,,
15-01-2019,252,48,,,,
16-01-2019,248,48,,,,
17-01-2019,244,48,,,,
18-01-2019,240,48,,,,
19-01-2019,236,48,,,,
20-01-2019,233,48,,,,
21-01-2019,229,48,,,,
22-01-2019,225,48,,,,
23-01-2019,221,48,,,,
24-01-2019,217,48,,,,
25-01-2019,213,48,,,,
26-01-2019,210,48,,,,
27-01-2019,206,48,,,,
28-01-2019,204,48,,,,
29-01-2019,200,48,,,,
30-01-2019,196,48,,,,
31-01-2019,193,48,,,,
01-02-2019,190,48,,,,
02-02-2019,186,48,,,,
03-02-2019,182,48,,,,
04-02-2019,178,48,,,,
05-02-2019,175,48,,,,
06-02-2019,172,48,,,,
07-02-2019,169,48,,,,
08-02-2019,166,48,,,,
09-02-2019,163,48,,,,
10-02-2019,160,48,,,,
11-02-2019,157,48,,,,
12-02-2019,157,48,,,,
13-02-2019,158,48,,,,
14-02-2019,164,48,,,,
15-02-2019,179,48,,,,
16-02-2019,209,48,,,,
17-02-2019,239,48,,,,
18-02-2019,269,48,,,,
19-02-2019,301,48,,,,
20-02-2019,334,48,,,,
21-02-2019,363,48,,,,
22-02-2019,388,48,,,,
23-02-2019,412,48,,,,
24-02-2019,430,48,,,,
25-02-2019,447,48,,,,
26-02-2019,459,48,,,,
27-02-2019,467,48,,,,
28-02-2019,474,48,,,,
01-03-2019,477,48,,,,
02-03-2019,478,48,,,,
03-03-2019,475,48,,,,
04-03-2019,472,48,,,,
05-03-2019,469,48,,,,
06-03-2019,466,47,,,,
07-03-2019,462,47,,,,
08-03-2019,458,47,,,,
09-03-2019,453,47,,,,
10-03-2019,448,47,,,,
11-03-2019,443,47,,,,
12-03-2019,439,47,,,,
13-03-2019,433,47,,,,
14-03-2019,429,47,,,,
15-03-2019,424,47,,,,
16-03-2019,420,47,,,,
17-03-2019,415,47,,,,
18-03-2019,411,47,,,,
19-03-2019,406,47,,,,
20-03-2019,406,47,,,,
21-03-2019,396,47,,,,
22-03-2019,391,47,,,,
23-03-2019,386,47,,,,
24-03-2019,380,47,,,,
25-03-2019,374,47,,,,
26-03-2019,386,47,,,,
27-03-2019,362,46,,,,
28-03-2019,356,46,,,,
29-03-2019,350,45,,,,
30-03-2019,344,44,,,,
31-03-2019,344,44,,,,
01-04-2019,333,42,,,,
02-04-2019,328,41,,,,
03-04-2019,324,40,,,,
04-04-2019,321,39,,,,
05-04-2019,317,38,,,,
06-04-2019,313,37,,,,
07-04-2019,308,36,,,,
08-04-2019,303,35,,,,
09-04-2019,298,34,,,,
10-04-2019,293,33,,,,
11-04-2019,288,32,,,,
12-04-2019,283,31,,,,
13-04-2019,278,30,,,,
14-04-2019,273,29,,,,
15-04-2019,268,28,,,,
16-04-2019,263,27,,,,
17-04-2019,258,26,,,,
18-04-2019,254,25,,,,
19-04-2019,250,24,,,,
20-04-2019,245,23,,,,
21-04-2019,241,21,,,,
22-04-2019,237,20,,,,
23-04-2019,232,19,,,,
24-04-2019,227,17,,,,
25-04-2019,222,16,,,,
26-04-2019,217,15,,,,
27-04-2019,212,14,,,,
28-04-2019,207,13,,,,
29-04-2019,202,13,,,,
30-04-2019,197,12,,,,
01-05-2019,193,11,,,,
02-05-2019,189,10,,,,
03-05-2019,185,9,,,,
04-05-2019,181,9,,,,
05-05-2019,177,8,,,,
06-05-2019,173,8,,,,
07-05-2019,169,7,,,,
08-05-2019,166,7,,,,
09-05-2019,162,6,,,,
10-05-2019,158,6,,,,
11-05-2019,153,5,,,,
12-05-2019,148,5,,,,
13-05-2019,143,4,,,,
14-05-2019,138,4,,,,
15-05-2019,133,4,,,,
16-05-2019,128,4,,,,
17-05-2019,123,4,,,,
18-05-2019,118,4,,,,
19-05-2019,114,4,,,,
20-05-2019,109,3,,,,
21-05-2019,104,3,,,,
22-05-2019,100,3,,,,
23-05-2019,95,3,,,,
24-05-2019,90,3,,,,
25-05-2019,85,2,,,,
26-05-2019,82,2,,,,
27-05-2019,79,2,,,,
28-05-2019,74,2,,,,
29-05-2019,69,2,,,,
30-05-2019,64,2,,,,
31-05-2019,59,2,,,,
01-06-2019,56,1,,,,
02-06-2019,53,1,,,,
03-06-2019,50,1,,,,
04-06-2019,48,1,,,,
05-06-2019,46,1,,,,
06-06-2019,44,1,,,,
07-06-2019,42,1,,,,
08-06-2019,40,1,,,,
09-06-2019,38,1,,,,
10-06-2019,36,0,,,,
11-06-2019,34,0,,,,
12-06-2019,32,0,,,,
13-06-2019,30,0,,,,
14-06-2019,28,0,,,,
15-06-2019,27,0,,,,
16-06-2019,26,0,,,,
17-06-2019,25,0,,,,
18-06-2019,24,0,,,,
19-06-2019,23,0,,,,
20-06-2019,22,0,,,,
21-06-2019,21,0,,,,
22-06-2019,20,0,,,,
23-06-2019,20,0,,,,
24-06-2019,19,0,,,,
25-06-2019,19,0,,,,
26-06-2019,19,0,,,,
27-06-2019,18,0,,,,
28-06-2019,18,0,,,,
29-06-2019,18,0,,,,
30-06-2019,18,0,,,,
01-07-2019,18,0,,,,
02-07-2019,17,0,,,,
03-07-2019,17,0,,,,
04-07-2019,17,0,,,,
05-07-2019,17,0,,,,
06-07-2019,17,0,,,,
07-07-2019,17,0,,,,
08-07-2019,17,0,,,,
09-07-2019,17,0,,,,
10-07-2019,16,0,,,,
11-07-2019,16,0,,,,
12-07-2019,16,0,,,,
13-07-2019,16,0,,,,
14-07-2019,16,0,,,,
15-07-2019,16,0,,,,
16-07-2019,16,0,,,,
17-07-2019,16,0,,,,
18-07-2019,16,0,,,,
19-07-2019,16,0,,,,
20-07-2019,16,0,,,,
21-07-2019,16,0,,,,
22-07-2019,16,0,,,,
23-07-2019,16,0,,,,
24-07-2019,16,0,,,,
25-07-2019,16,0,,,,
26-07-2019,16,0,,,,
27-07-2019,16,0,,,,
28-07-2019,16,0,,,,
29-07-2019,16,0,,,,
30-07-2019,16,0,,,,
31-07-2019,16,0,,,,
01-08-2019,16,0,,,,
02-08-2019,16,0,,,,
03-08-2019,16,0,,,,
04-08-2019,16,0,,,,
05-08-2019,16,0,,,,
06-08-2019,16,0,,,,
07-08-2019,16,0,,,,
08-08-2019,16,0,,,,
09-08-2019,16,0,,,,
10-08-2019,16,0,,,,
11-08-2019,16,0,,,,
12-08-2019,16,0,,,,
13-08-2019,16,0,,,,
14-08-2019,16,0,,,,
15-08-2019,16,0,,,,
16-08-2019,16,0,,,,
17-08-2019,16,0,,,,
18-08-2019,16,0,,,,
19-08-2019,16,0,,,,
20-08-2019,16,0,,,,
21-08-2019,16,0,,,,
22-08-2019,16,0,,,,
23-08-2019,16,0,,,,
24-08-2019,16,0,,,,
25-08-2019,16,0,,,,
26-08-2019,16,0,,,,
27-08-2019,16,0,,,,
28-08-2019,16,0,,,,
29-08-2019,16,0,,,,
30-08-2019,16,0,,,,
31-08-2019,16,0,,,,
01-09-2019,16,0,,,,
02-09-2019,16,0,,,,
03-09-2019,16,0,,,,
04-09-2019,16,0,,,,
05-09-2019,16,0,,,,
06-09-2019,16,0,,,,
07-09-2019,16,0,,,,
08-09-2019,16,0,,,,
09-09-2019,16,0,,,,
10-09-2019,15,0,,,,
11-09-2019,15,0,,,,
12-09-2019,15,0,,,,
13-09-2019,15,0,,,,
14-09-2019,15,0,,,,
15-09-2019,15,0,,,,
16-09-2019,15,0,,,,
17-09-2019,15,0,,,,
18-09-2019,15,0,,,,
19-09-2019,15,0,,,,
20-09-2019,208,30,,,,
21-09-2019,278,43,,,,
22-09-2019,307,48,,,,
23-09-2019,322,51,,,,
24-09-2019,327,52,,,,
25-09-2019,366,52,,,,
26-09-2019,433,52,,,,
27-09-2019,478,53,,,,
28-09-2019,491,53,,,,
29-09-2019,503,53,,,,
30-09-2019,553,54,,,,
01-10-2019,597,54,,,,
02-10-2019,649,54,,,,
03-10-2019,695,54,,,,
04-10-2019,742,54,,,,
05-10-2019,783,54,,,,
06-10-2019,824,54,,,,
07-10-2019,860,54,,,,
08-10-2019,896,54,,,,
09-10-2019,938,54,,,,
10-10-2019,967,54,,,,
11-10-2019,1011,57,,,,
12-10-2019,1026,57,,,,
13-10-2019,1041,57,,,,
14-10-2019,1033,57,,,,
15-10-2019,1041,57,,,,
16-10-2019,1111,61,,,,
17-10-2019,1143,65,,,,
18-10-2019,1177,74,,,,
19-10-2019,1194,78,,,,
20-10-2019,1220,82,,,,
21-10-2019,1237,98,,,,
22-10-2019,1273,104,,,,
23-10-2019,1310,107,,,,
24-10-2019,1367,109,,,,
25-10-2019,1406,109,,,,
26-10-2019,1436,111,,,,
27-10-2019,1467,111,,,,
28-10-2019,1487,113,,,,
29-10-2019,1500,115,,,,
30-10-2019,1582,121,,,,
31-10-2019,1648,159,,,,
01-11-2019,1682,194,,,,
02-11-2019,1694,208,,,,
03-11-2019,1694,222,,,,
04-11-2019,1671,233,,,,
05-11-2019,1648,233,,,,
06-11-2019,1617,228,,,,
07-11-2019,1582,222,,,,
08-11-2019,1550,214,,,,
09-11-2019,1518,205,,,,
10-11-2019,1489,197,,,,
11-11-2019,1465,189,,,,
12-11-2019,1446,180,,,,
13-11-2019,1416,172,,,,
14-11-2019,1386,164,,,,
15-11-2019,1358,155,,,,
16-11-2019,1320,147,,,,
17-11-2019,1292,138,,,,
18-11-2019,1255,130,,,,
19-11-2019,1225,122,,,,
20-11-2019,1190,115,,,,
21-11-2019,1160,112,,,,
22-11-2019,1127,109,,,,
23-11-2019,1095,107,,,,
24-11-2019,1056,105,,,,
25-11-2019,1011,103,,,,
26-11-2019,989,101,,,,
27-11-2019,967,99,,,,
28-11-2019,945,97,,,,
29-11-2019,938,95,,,,
30-11-2019,938,94,,,,
01-12-2019,989,96,,,,
02-12-2019,1229,131,,,,
03-12-2019,1426,201,,,,
04-12-2019,1518,228,,,,
05-12-2019,1550,238,,,,
06-12-2019,1572,243,,,,
07-12-2019,1565,243,,,,
08-12-2019,1572,236,,,,
09-12-2019,1582,228,,,,
10-12-2019,1593,219,,,,
11-12-2019,1593,210,,,,
12-12-2019,1593,201,,,,
13-12-2019,1586,192,,,,
14-12-2019,1582,183,,,,
15-12-2019,1572,174,,,,
16-12-2019,1560,165,,,,
17-12-2019,1556,156,,,,
18-12-2019,1530,147,,,,
19-12-2019,1535,139,,,,
20-12-2019,1529,131,,,,
21-12-2019,1522,123,,,,
22-12-2019,1514,115,,,,
23-12-2019,1497,108,,,,
24-12-2019,1476,101,,,,
25-12-2019,1456,94,,,,
26-12-2019,1456,88,,,,
27-12-2019,1450,81,,,,
28-12-2019,1438,75,,,,
29-12-2019,1436,72,,,,
30-12-2019,1434,70,,,,
31-12-2019,1430,69,,,,
01-01-2020,1426,68,,,,
02-01-2020,1430,69,,,,
03-01-2020,1430,69,,,,
04-01-2020,1432,69,,,,
05-01-2020,1444,69,,,,
06-01-2020,1460,70,,,,
07-01-2020,1481,71,,,,
08-01-2020,1497,72,,,,
09-01-2020,1503,72,,,,
10-01-2020,1510,72,,,,
11-01-2020,1516,72,,,,
12-01-2020,1518,72,,,,
13-01-2020,1518,72,,,,
14-01-2020,1520,72,,,,
15-01-2020,1522,72,,,,
16-01-2020,1524,72,,,,
17-01-2020,1523,72,,,,
18-01-2020,1520,72,,,,
19-01-2020,1511,72,,,,
20-01-2020,1507,72,,,,
21-01-2020,1505,72,,,,
22-01-2020,1503,72,,,,
23-01-2020,1497,72,,,,
24-01-2020,1489,72,,,,
25-01-2020,1478,72,,,,
26-01-2020,1468,72,,,,
27-01-2020,1487,72,,,,
28-01-2020,1507,72,,,,
29-01-2020,1526,72,,,,
30-01-2020,1546,72,,,,
31-01-2020,1563,72,,,,
01-02-2020,1584,72,,,,
02-02-2020,1608,72,,,,
03-02-2020,1632,72,,,,
04-02-2020,1657,72,,,,
05-02-2020,1682,72,,,,
06-02-2020,1707,72,,,,
07-02-2020,1730,72,,,,
08-02-2020,1774,72,,,,
09-02-2020,1816,72,,,,
10-02-2020,1826,72,,,,
11-02-2020,1829,72,,,,
12-02-2020,1832,72,,,,
13-02-2020,1836,72,,,,
14-02-2020,1841,72,,,,
15-02-2020,1832,72,,,,
16-02-2020,1819,72,,,,
17-02-2020,1798,72,,,,
18-02-2020,1781,72,,,,
19-02-2020,1767,72,,,,
20-02-2020,1751,72,,,,
21-02-2020,1732,72,,,,
22-02-2020,1712,72,,,,
23-02-2020,1691,72,,,,
24-02-2020,1673,72,,,,
25-02-2020,1657,72,,,,
26-02-2020,1637,72,,,,
27-02-2020,1616,72,,,,
28-02-2020,1593,72,,,,
29-02-2020,1571,72,,,,
01-03-2020,1548,72,,,,
02-03-2020,1526,72,,,,
03-03-2020,1503,72,,,,
04-03-2020,1473,72,,,,
05-03-2020,1444,72,,,,
06-03-2020,1415,72,,,,
07-03-2020,1400,72,,,,
08-03-2020,1390,72,,,,
09-03-2020,1390,72,,,,
10-03-2020,1392,72,,,,
11-03-2020,1405,72,,,,
12-03-2020,1424,72,,,,
13-03-2020,1444,72,,,,
14-03-2020,1467,72,,,,
15-03-2020,1490,72,,,,
16-03-2020,1512,72,,,,
17-03-2020,1520,72,,,,
18-03-2020,1524,72,,,,
19-03-2020,1526,72,,,,
20-03-2020,1526,72,,,,
21-03-2020,1509,72,,,,
22-03-2020,1495,72,,,,
23-03-2020,1478,72,,,,
24-03-2020,1470,72,,,,
25-03-2020,1493,72,,,,
26-03-2020,1493,72,,,,
27-03-2020,1485,72,,,,
28-03-2020,1482,72,,,,
29-03-2020,1476,72,,,,
30-03-2020,1472,72,,,,
31-03-2020,1460,72,,,,
01-04-2020,1438,72,,,,
02-04-2020,1420,72,,,,
03-04-2020,1392,72,,,,
04-04-2020,1370,72,,,,
05-04-2020,1350,72,,,,
06-04-2020,1329,72,,,,
07-04-2020,1306,72,,,,
08-04-2020,1283,72,,,,
09-04-2020,1260,72,,,,
10-04-2020,1260,72,,,,
11-04-2020,1240,72,,,,
12-04-2020,1218,72,,,,
13-04-2020,1194,72,,,,
14-04-2020,1168,72,,,,
15-04-2020,1143,72,,,,
16-04-2020,1117,72,,,,
17-04-2020,1091,72,,,,
18-04-2020,1065,72,,,,
19-04-2020,1040,72,,,,
20-04-2020,1014,72,,,,
21-04-2020,989,72,,,,
22-04-2020,963,72,,,,
23-04-2020,949,72,,,,
24-04-2020,935,72,,,,
25-04-2020,921,72,,,,
26-04-2020,908,72,,,,
27-04-2020,910,72,,,,
28-04-2020,890,72,,,,
29-04-2020,876,72,,,,
30-04-2020,862,72,,,,
01-05-2020,849,72,,,,
02-05-2020,835,72,,,,
03-05-2020,822,72,,,,
04-05-2020,809,72,,,,
05-05-2020,795,72,,,,
06-05-2020,782,72,,,,
07-05-2020,768,72,,,,
08-05-2020,754,72,,,,
09-05-2020,741,72,,,,
10-05-2020,727,72,,,,
11-05-2020,713,72,,,,
12-05-2020,699,72,,,,
13-05-2020,692,72,,,,
14-05-2020,678,72,,,,
15-05-2020,664,72,,,,
16-05-2020,650,72,,,,
17-05-2020,636,72,,,,
18-05-2020,609,72,,,,
19-05-2020,587,72,,,,
20-05-2020,563,72,,,,
21-05-2020,540,72,,,,
22-05-2020,520,72,,,,
23-05-2020,501,72,,,,
24-05-2020,483,72,,,,
25-05-2020,465,72,,,,
26-05-2020,447,72,,,,
27-05-2020,430,72,,,,
28-05-2020,413,72,,,,
29-05-2020,396,72,,,,
30-05-2020,396,72,,,,
31-05-2020,392,72,,,,
01-06-2020,377,72,,,,
02-06-2020,367,72,,,,
03-06-2020,365,72,,,,
04-06-2020,365,72,,,,
05-06-2020,371,72,,,,
06-06-2020,373,72,,,,
07-06-2020,77,92,,,,
08-06-2020,380,72,,,,
09-06-2020,380,72,,,,
10-06-2020,379,72,,,,
11-06-2020,375,72,,,,
12-06-2020,370,72,,,,
13-06-2020,360,72,,,,
14-06-2020,354,72,,,,
15-06-2020,347,72,,,,
16-06-2020,342,72,,,,
17-06-2020,338,72,,,,
18-06-2020,334,72,,,,
19-06-2020,330,72,,,,
20-06-2020,325,72,,,,
21-06-2020,310,72,,,,
22-06-2020,303,72,,,,
23-06-2020,297,72,,,,
24-06-2020,290,72,,,,
25-06-2020,285,72,,,,
26-06-2020,281,72,,,,
27-06-2020,271,72,,,,
28-06-2020,256,72,,,,
29-06-2020,244,72,,,,
30-06-2020,232,72,,,,
01-07-2020,222,72,,,,
02-07-2020,212,72,,,,
03-07-2020,205,72,,,,
04-07-2020,199,72,,,,
05-07-2020,190,72,,,,
06-07-2020,178,72,,,,
07-07-2020,165,72,,,,
08-07-2020,159,72,,,,
09-07-2020,152,72,,,,
10-07-2020,155,72,,,,
11-07-2020,148,72,,,,
12-07-2020,144,72,,,,
13-07-2020,140,72,,,,
14-07-2020,133,72,,,,
15-07-2020,129,72,,,,
16-07-2020,124,72,,,,
17-07-2020,120,72,,,,
18-07-2020,116,72,,,,
19-07-2020,115,72,,,,
20-07-2020,114,71,,,,
21-07-2020,113,71,,,,
22-07-2020,112,71,,,,
23-07-2020,110,71,,,,
24-07-2020,108,71,,,,
25-07-2020,105,71,,,,
26-07-2020,99,71,,,,
27-07-2020,96,71,,,,
28-07-2020,94,71,,,,
29-07-2020,91,71,,,,
30-07-2020,88,71,,,,
31-07-2020,85,71,,,,
01-08-2020,85,77,,,,
02-08-2020,85,79,,,,
03-08-2020,96,87,,,,
04-08-2020,109,88,,,,
05-08-2020,120,89,,,,
06-08-2020,128,90,,,,
07-08-2020,130,91,,,,
08-08-2020,130,91,,,,
09-08-2020,130,96,,,,
10-08-2020,128,96,,,,
11-08-2020,127,96,,,,
12-08-2020,130,96,,,,
13-08-2020,130,96,,,,
14-08-2020,128,96,,,,
15-08-2020,127,96,,,,
16-08-2020,125,96,,,,
17-08-2020,123,96,,,,
18-08-2020,122,96,,,,
19-08-2020,120,96,,,,
20-08-2020,118,95,,,,
21-08-2020,116,95,,,,
22-08-2020,115,95,,,,
23-08-2020,114,95,,,,
24-08-2020,112,95,,,,
25-08-2020,110,94,,,,
26-08-2020,108,94,,,,
27-08-2020,106,94,,,,
28-08-2020,104,94,,,,
29-08-2020,102,94,,,,
30-08-2020,100,94,,,,
31-08-2020,98,94,,,,
01-09-2020,95,94,,,,
02-09-2020,92,93,,,,
03-09-2020,89,93,,,,
04-09-2020,86,93,,,,
05-09-2020,83,92,,,,
06-09-2020,80,92,,,,
07-09-2020,77,92,,,,
08-09-2020,75,92,,,,
09-09-2020,73,92,,,,
10-09-2020,73,92,,,,
11-09-2020,71,92,,,,
12-09-2020,69,92,,,,
13-09-2020,67,92,,,,
14-09-2020,67,92,,,,
15-09-2020,65,92,,,,
16-09-2020,63,92,,,,
17-09-2020,61,92,,,,
18-09-2020,59,92,,,,
19-09-2020,69,92,,,,
20-09-2020,87,96,,,,
21-09-2020,109,100,,,,
22-09-2020,156,102,,,,
23-09-2020,216,102,,,,
24-09-2020,277,104,,,,
25-09-2020,341,106,,,,
26-09-2020,405,108,,,,
27-09-2020,462,108,,,,
28-09-2020,520,108,,,,
29-09-2020,582,108,,,,
30-09-2020,647,112,,,,
01-10-2020,712,112,,,,
02-10-2020,774,112,,,,
03-10-2020,837,112,,,,
04-10-2020,894,111,,,,
05-10-2020,945,111,,,,
06-10-2020,989,111,,,,
07-10-2020,1033,110,,,,
08-10-2020,1087,110,,,,
09-10-2020,1135,110,,,,
10-10-2020,1177,110,,,,
11-10-2020,1211,109,,,,
12-10-2020,1246,109,,,,
13-10-2020,1277,109,,,,
14-10-2020,1295,109,,,,
15-10-2020,1295,109,,,,
16-10-2020,1295,108,,,,
17-10-2020,1297,108,,,,
18-10-2020,1299,108,,,,
19-10-2020,1297,108,,,,
20-10-2020,1295,108,,,,
21-10-2020,1295,108,,,,
22-10-2020,1299,108,,,,
23-10-2020,1310,110,,,,
24-10-2020,1327,112,,,,
25-10-2020,1477,114,,,,
26-10-2020,1518,116,,,,
27-10-2020,1529,118,,,,
28-10-2020,1523,118,,,,
29-10-2020,1529,128,,,,
30-10-2020,1540,136,,,,
31-10-2020,1550,138,,,,
01-11-2020,1540,138,,,,
02-11-2020,1530,138,,,,
03-11-2020,1530,138,,,,
04-11-2020,1530,138,,,,
05-11-2020,1508,138,,,,
06-11-2020,1487,138,,,,
07-11-2020,1477,138,,,,
08-11-2020,1467,138,,,,
09-11-2020,1454,138,,,,
10-11-2020,1440,138,,,,
11-11-2020,1424,138,,,,
12-11-2020,1400,138,,,,
13-11-2020,1381,140,,,,
14-11-2020,1363,140,,,,
15-11-2020,1358,141,,,,
16-11-2020,1416,142,,,,
17-11-2020,1446,155,,,,
18-11-2020,1518,164,,,,
19-11-2020,1582,170,,,,
20-11-2020,1628,173,,,,
21-11-2020,1675,175,,,,
22-11-2020,1719,175,,,,
23-11-2020,1751,175,,,,
24-11-2020,1786,178,,,,
25-11-2020,1841,186,,,,
26-11-2020,2006,244,,,,
27-11-2020,2214,310,,,,
28-11-2020,2742,361,,,,
29-11-2020,2814,403,,,,
30-11-2020,2848,465,,,,
01-12-2020,2902,504,,,,
02-12-2020,2873,547,,,,
03-12-2020,2867,590,,,,
